Club Name TM,Club Name Wikidata,venueLabel,Latitude,Longitude
1. FC Köln,1. FC Köln,RheinEnergie Stadion,50.933611,6.875
1. FC Nürnberg,1. FC Nürnberg,Stadion Nürnberg,49.426389,11.125278
1. FC Union Berlin ,1. FC Union Berlin,Stadion An der Alten Försterei,52.457222,13.568056
1. FSV Mainz 05,1. FSV Mainz 05,Opel Arena,49.984167,8.224167
1.FC Heidenheim ,1. FC Heidenheim,Voith-Arena,48.6685,10.1393
1.FC K'lautern ,1. FC Kaiserslautern,Fritz-Walter-Stadion,49.434444,7.775833
FC Bayern U19 ,FC Bayern Munich,Allianz Arena,48.218775,11.62475278
FC Pune City ,FC Pune City,Shree Shiv Chhatrapati Sports Complex,18.574745,73.760984
FC St. Gallen,FC St. Gallen,kybunpark,47.408333,9.306389
FC Volyn Lutsk,FC Volyn Lutsk,Avanhard Stadium,50.754167,25.3375
New York City FC ,New York City FC,Red Bull Arena,40.73666667,-74.15027778
A.A. Argentinos Juniors,A.A. Argentinos Juniors,Estadio Diego Armando Maradona,-34.606028,-58.472583
A.J. Auxerre,A.J. Auxerre,Stade de l'Abbé-Deschamps,47.786753,3.588664
A.S. Roma ,A.S. Roma,Stadio Olimpico,41.933872,12.454714
Perugia ,A.C. Perugia Calcio,Stadio Renato Curi,43.106111,12.357222
A.S. Saint-Étienne,A.S. Saint-Étienne,Stade Geoffroy-Guichard,45.460833,4.39
AC Ajaccio ,A.C. Ajaccio,Stade François Coty,41.93076111,8.776444444
AC Arles ,AC Arles,Avignon Sports Ground,43.928333,4.845
AC Bellinzona,AC Bellinzona,Stadio Comunale Bellinzona,46.198082,9.022304
AC Horsens,AC Horsens,CASA Arena Horsens,55.87166667,9.85722222
AC Le Havre ,Le Havre AC,Stade Océane,49.49888889,0.169722222
ACF Fiorentina,ACF Fiorentina,Stadio Artemio Franchi,43.780822,11.282258
Reggina ,A.C. Reggiana 1919,Mapei Stadium – Città del Tricolore,44.714722,10.649722
Rentistas ,C.A. Rentistas,Estadio Complejo Rentistas,-34.776394,-56.165854
ACR Messina ,A.C.R. Messina,Stadio San Filippo,38.161389,15.520833
ACS SR Brasov ,FC Forex Brașov,Stadionul Forex,45.666934,25.610821
ADO Den Haag,ADO Den Haag,Cars Jeans Stadion,52.062778,4.383056
AEK Athens ,A.E.K. Athens F.C.,Olympic Stadium,38.03611111,23.7875
AEL Limassol ,AEL Limassol FC,Tsirio Stadium,34.700914,33.022975
AFC Ajax,AFC Ajax,Johan Cruyff Arena,52.31416667,4.941944444
AFC AjaxU21 ,AFC Ajax,Johan Cruyff Arena,52.31416667,4.941944444
AFC Bournemouth,AFC Bournemouth,Dean Court,50.735278,-1.838333
AFC Bournemouth ,AFC Bournemouth,Dean Court,50.735278,-1.838333
AGMG Olmaliq ,Nîmes Olympique,Stade des Costières,43.815972,4.359278
Nîmes Olympique ,Nîmes Olympique,Stade des Costières,43.815972,4.359278
AIK Fotboll,AIK Fotboll,Friends Arena,59.3725,18
AO Xanthi ,Orfeas Xanthi F.C.,Xanthi Ground,41.143889,24.893889
APOEL Nicosia ,Olympiakos Nicosia FC,Makario Stadium,35.146111,33.314444
AS Monaco FC,AS Monaco FC,Stade Louis II,43.727778,7.415556
AS Nancy ,A.S. Nancy-Lorraine,Stade Marcel Picot,48.6955,6.210687
ASA Tirgu Mures ,ASA 2013 Târgu Mureș,Stadionul Trans-Sil,46.549722,24.545833
AZ Alkmaar,AZ Alkmaar,AFAS Stadion,52.6125,4.741667
AZ AlkmaarU21 ,AZ Alkmaar,AFAS Stadion,52.6125,4.741667
Aalesund ,Aalesunds FK,Color Line Stadion,62.46944444,6.1875
Aarhus Gymnastikforening,Aarhus Gymnastikforening,Atletion,56.131944,10.196389
Aberdeen F.C.,Aberdeen F.C.,Pittodrie Stadium,57.15916667,-2.088888888
Adana Demirspor ,Adana Demirspor,Adana 5 Ocak Stadium,36.998889,35.329722
Adanaspor,Adanaspor,Adana 5 Ocak Stadium,36.998889,35.329722
Alanyaspor,Alanyaspor,Alanya Oba Stadium,36.562645,32.079131
Adelaide United Football Club,Adelaide United Football Club,Hindmarsh Stadium,-34.9075,138.568889
Ajax Cape Town F.C.,Ajax Cape Town F.C.,Cape Town Stadium,-33.905556,18.408611
Ajman Club,Ajman Club,Ajman Stadium,25.392215,55.450546
Akademisk Boldklub,Akademisk Boldklub,Gladsaxe Stadium,55.7328,12.4968
Akhisarspor ,Akhisar Belediyespor,Akhisar Stadium,38.92111111,27.81472222
Akhmat Grozny ,Amnat Charoen Town F.C.,Amnat Charoen Province Stadium,15.895419,104.611994
Al Ahed FC,Al Ahed FC,Beirut Municipal Stadium,33.87405,35.49839444
Al-Raed FC,Al-Raed FC,King Abdullah Sport City Stadium,26.3789,43.9478
FC Ashdod ,F.C. Ashdod,Yud-Alef Stadium,31.8103,34.6483
FC Bayern Munich,FC Bayern Munich,Allianz Arena,48.218775,11.62475278
FC Empoli ,Empoli F.C.,Stadio Carlo Castellani,43.726389,10.955
FC Le Mans ,Le Mans U.C. 72,MMArena,47.95909444,0.223372222
FC Vaslui ,AFC Atletico Vaslui,Stadionul Municipal,46.6335,27.733319
Mantova FC ,Mantova 1911 S.S.D.,Stadio Danilo Martelli,45.146111,10.794167
Al Ahli SC,Al Ahli SC,Khalifa International Stadium,25.26361111,51.44805556
Al-Ahli SC,Al-Ahli SC,Saida International Stadium,33.58559722,35.38454444
Al Ahly SC,Al Ahly SC,Cairo International Stadium,30.069111,31.312333
Al-Shahaniya Sports Club,Al-Shahaniya Sports Club,Ahmed bin Ali Stadium,25.330538,51.341279
Al Ain FC,Al Ain FC,Hazza bin Zayed Stadium,24.2456,55.7166
Al Ansar FC,Al Ansar FC,Beirut Municipal Stadium,33.87405,35.49839444
Al-Ansar,Al-Ansar,Prince Mohammed bin Abdul Aziz Stadium,18.223043,42.490069
Al Arabi ,Al-Arabi,Department of Education Stadium (Unaizah),26.088333,44.051667
Al Ittihad Alexandria Club,Al Ittihad Alexandria Club,Alexandria Stadium,31.1971,29.9132
Al Ittihad Alexandria Club ,Al Ittihad Alexandria Club,Alexandria Stadium,31.1971,29.9132
Al Kharitiyat ,Al Kharaitiyat SC,Al-Khawr Stadium,25.679406,51.492631
Al-Fateh SC,Al-Fateh SC,Prince Abdullah bin Jalawi Stadium,25.305833,49.612778
Al-Nejmeh ,Nejmeh SC,Al Manara Stadium,33.894444,35.469444
Al-Riffa SC ,Riffa S.C.,Bahrain National Stadium,26.153594,50.543664
Ittihad El-Shorta,Ittihad El-Shorta,Arab Contractors Stadium,30.0512,31.297
Al Jazira Club,Al Jazira Club,Mohammed Bin Zayed Stadium,24.452764,54.392019
Al Markhiya ,Al-Markhiya Sports Club,Al-Markhiya Stadium,25.33225,51.494278
Al Nasr SC,Al Nasr SC,Al-Maktoum Stadium,25.24,55.31305556
Al-Nasr ,Al-Nasr S.C.S.C.,Al-Saada Stadium,17.082711,54.143789
Al Qadisiyah ,Al-Qadisiyah FC,Prince Saud bin Jalawi Stadium,26.3699,50.2052
Al Sadd Sports Club,Al Sadd Sports Club,Jassim Bin Hamad Stadium,25.267358,51.484251
Al Shabab FC,Al Shabab FC,King Fahd International Stadium,24.788206,46.839236
Al-Shabab ,Al-Shabab SC,Al-Ahmadi Stadium,29.09111111,48.07833333
Al-Shabab SC,Al-Shabab SC,Baghdad Stadium,-18.91628,29.825019
Al Wasl FC,Al Wasl FC,Za'abeel Stadium,25.2189,55.31714722
Al-Ahed ,Al Ahed FC,Beirut Municipal Stadium,33.87405,35.49839444
Al-Feiha ,Al-Feiha FC,Prince Salman Bin Abdulaziz Sport City Stadium,25.886929,45.368021
Al-Nassr,Al-Nassr,King Fahd International Stadium,24.788206,46.839236
Al-Ahli Saudi FC الطحالب,Al-Ahli Saudi FC الطحالب,Prince Abdullah al-Faisal Stadium,21.446608,39.251693
Al-Arabi SC,Al-Arabi SC,Grand Hamad Stadium,25.258708,51.520509
Al-Batin ,Al-Batin,Al-Batin Club Stadium,28.44940278,46.07523333
Al-Duhail SC,Al-Duhail SC,Lekhwiya Sports Stadium,25.372711,51.469267
Al-Faisaly FC,Al-Faisaly FC,Amman International Stadium,31.985,35.903
Al-Faisaly FC,Al-Faisaly FC,Prince Salman Bin Abdulaziz Sport City Stadium,25.886929,45.368021
Al-Fujairah FC,Al-Fujairah FC,Fujairah Club Stadium,25.13012222,56.34348056
Dibba Fujairah ,Al-Fujairah FC,Fujairah Club Stadium,25.13012222,56.34348056
Al-Gharafa Sports Club,Al-Gharafa Sports Club,Thani bin Jassim Stadium,25.34474,51.440562
Al-Hilal SC,Al-Hilal SC,Stade Port Sudan,19.61778889,37.2119
Al-Jaish SC,El Jaish SC,Qatar SC Stadium,25.317155,51.512366
Al-Khor Sports Club,Al-Khor Sports Club,Al-Khawr Stadium,25.679406,51.492631
Khor Fakkan ,Al-Khor Sports Club,Al-Khawr Stadium,25.679406,51.492631
Al-Masry Club,Al-Masry Club,Port Said Stadium,31.271111,32.291389
Al-Qadsia SC ,Qadsia SC,Mohammed Al-Hamad Stadium,29.34,48.03027778
Al-Rayyan S.C.,Al-Rayyan S.C.,Ahmed bin Ali Stadium,25.330538,51.341279
Al-Sailiya SC,Al-Salmiya SC,Thamir Stadium,29.34083333,48.08833333
Al-Taawon FC,Al-Taawon FC,King Abdullah Sport City Stadium,26.3789,43.9478
Al-Wahda SC,Al-Wahda SC Damascus,Abbasiyyin Stadium,33.52833333,36.29833333
Al-Wahda SCFC ,Al-Wahda S.C.C.,Al Nahyan Stadium,24.46939722,54.37525278
Al-Wakrah Sports Club,Al-Wakrah Sports Club,Al Janoub Stadium,25.180294,51.596522
Alavés ,Deportivo Alavés,Mendizorrotza Stadium,42.837111,-2.688044
Albacete ,Albacete Balompié,Estadio Carlos Belmonte,38.981117,-1.852142
Albirex Niigata ,Albirex Niigata,Tohoku Electric Power Big Swan Stadium,37.882614,139.059169
Aldosivi,Aldosivi,Estadio José María Minella,-38.017944,-57.582333
Alessandria ,U.S. Alessandria Calcio 1912,Stadio Giuseppe Moccagatta,44.9203,8.616580555
Altay SK ,Altay S.K.,İzmir Alsancak Stadium,38.437289,27.150889
SK Tavriya ,SC Tavriya Simferopol,Lokomotiv Republican Sports Complex,44.943611,34.089722
Amica Wronki ,Amicale F.C.,Korman Stadium,-17.7339,168.337
NEC Nijmegen ,N.E.C.,Stadion de Goffert,51.8225,5.836667
Amiens AC,Amiens AC,Stade Jean-Bouin,48.84332,2.252936
Amkar Perm ,FC Amkar Perm,Zvezda,57.990694,56.244636
Ankaragücü Sports Club (football branch) ,Fútbol Club Motagua,Estadio Tiburcio Carías Andino beach,14.098403,-87.203978
Without Club ,Fútbol Club Motagua,Estadio Tiburcio Carías Andino beach,14.098403,-87.203978
Anorthosis ,Anorthosis Famagusta FC,Antonis Papadopoulos Stadium,34.937422,33.620922
Antofagasta ,Deportes Temuco,Estadio Regional de Antofagasta,-23.67013889,-70.40458333
Antalyaspor,Antalyaspor,Akdeniz University Stadium,36.893743,30.64684
Apol. Limassol ,AEL Limassol FC,Tsirio Stadium,34.700914,33.022975
Arges Pitesti ,FC Argeș,Stadionul Nicolae Dobrin,44.846675,24.866422
Aris Saloniki ,Aris Thessaloniki F.C.,Kleanthis Vikelidis Stadium,40.600069,22.9695
Arka Gdynia,Arka Gdynia,Stadion GOSiR,54.493136,18.531214
Arm. Bielefeld ,Arminia Bielefeld,Bielefelder Alm,52.031389,8.516944
Arsenal,Arsenal F.C.,Emirates Stadium,51.555,-0.108611111
Arsenal FC ,Arsenal F.C.,Emirates Stadium,51.555,-0.108611111
Ascoli ,Ascoli Calcio 1898 F.C.,Stadio Cino e Lillo Del Duca,42.861111,13.594167
Associazione Calcio Milan ,Associazione Calcio Milan,San Siro Stadium,45.47808,9.124
Novara Calcio,Novara Calcio,Stadio Silvio Piola (Novara),45.435833,8.595833
Associazione Sportiva Livorno Calcio ,Associazione Sportiva Livorno Calcio,Stadio Armando Picchi,43.526667,10.314167
Associação Académica de Coimbra – O.A.F.,Associação Académica de Coimbra – O.A.F.,Estádio Cidade de Coimbra,40.20333333,-8.407777777
Juniors OÖ ,Associação Académica de Coimbra – O.A.F.,Estádio Cidade de Coimbra,40.20333333,-8.407777777
Associação Atlética Ponte Preta,Associação Atlética Ponte Preta,Estádio Moisés Lucarelli,-22.913611,-47.051389
Associação Chapecoense de Futebol,Associação Chapecoense de Futebol,Arena Condá,-27.1041,-52.607
Chapecoense ,Associação Chapecoense de Futebol,Arena Condá,-27.1041,-52.607
Associação Portuguesa de Desportos,Associação Portuguesa de Desportos,Estádio do Canindé,-23.520556,-46.618333
Aston Villa F.C. ,Aston Villa F.C.,Villa Park,52.50916667,-1.884722222
Astra Giurgiu ,FC Astra Giurgiu,Stadionul Marin Anastasovici,43.896111,25.981389
Atalanta B.C. ,Atalanta B.C.,Stadio Atleti Azzurri d'Italia,45.708889,9.680833
Athletic Club,Athletic Club,San Mamés Stadium,43.264205,-2.949369
Smouha Sporting Club,Smouha Sporting Club,Alexandria Stadium,31.1971,29.9132
Atl. Nacional ,Atlético Nacional,Atanasio Girardot Sports Complex,6.2568,-75.590172
Internacional Futebol Clube,Internacional Futebol Clube,Arena da Baixada,-25.448333,-49.276944
Atlanta United FC,Atlanta United FC,Mercedes-Benz Stadium,33.75527778,-84.40083333
Atlante F.C.,Atlante F.C.,Andrés Quintana Roo Olympic Stadium,21.15095,-86.83842222
Atlas F.C.,Atlas F.C.,Jalisco Stadium,20.705,-103.328139
Birkirkara F.C.,Birkirkara F.C.,Ta' Qali National Stadium,35.89486389,14.41537222
Cesena F.C.,Cesena F.C.,Stadio Dino Manuzzi,44.140556,12.261944
Esteghlal F.C.,Esteghlal F.C.,Azadi Stadium,35.724417,51.275528
Gaziantep F.K.,Gaziantep F.K.,Gaziantep Kamil Ocak Stadium,37.067572,37.377592
Genoa C.F.C. ,Genoa C.F.C.,Stadio Luigi Ferraris,44.416431,8.952428
Manchester United F.C. ,Manchester United F.C.,Old Trafford,53.46305556,-2.291388888
Pyramids F.C.,Pyramids F.C.,30 June Stadium,30.0199,31.3737
QFC ,Querétaro F.C.,Estadio Santiago Bernabéu,40.45306,-3.68835
Querétaro F.C.,Querétaro F.C.,Estadio Santiago Bernabéu,40.45306,-3.68835
R&F (HK) ,R&F (Hong Kong),Siu Sai Wan Sports Ground,22.267434,114.249063
Atlético Clube Goianiense,Atlético Clube Goianiense,Estádio Serra Dourada,-16.698889,-49.233889
Atlético Madrid,Atlético Madrid,Estadio Metropolitano,40.436111,-3.599444
Atlético Tucumán,Atlético Tucumán,Estadio Monumental José Fierro,-26.812778,-65.199167
Atlético de San Luis,Atlético de San Luis,Estadio Alfonso Lastras,22.138706,-100.950864
Vitória de Guimarães B,Vitória de Guimarães B,Estádio D. Afonso Henriques,41.445833,-8.301111
Audax Italiano,Audax Italiano,Estadio Bicentenario de La Florida,-33.540833,-70.578333
Avaí Futebol Clube,Avaí Futebol Clube,Estádio da Ressacada,-27.666389,-48.531667
Palmeiras Nordeste Futebol,Palmeiras Nordeste Futebol,Estádio Joia da Princesa,-12.244583,-38.97235
Avellino ,U.S. Avellino 1912,Stadio Partenio-Adriano Lombardi,40.926944,14.7925
B. Dortmund II ,Borussia Dortmund II,Stadion Rote Erde,51.4925,7.454444
Kuban II ,FC Kuban Krasnodar,Kuban Stadium,45.02527778,38.99944444
Legia II ,Legia Warsaw,Polish Army Stadium,52.220461,21.040628
B. Jerusalem ,Beitar Jerusalem F.C.,Teddy Stadium,31.751167,35.190617
B. Podgorica ,FK Budućnost Podgorica,Podgorica City Stadium,42.444728,19.264378
BD Yingli ETS ,Baoding Yingli Yitong,Baoding People's Stadium,38.856432,115.481581
FK Bodø/Glimt,FK Bodø/Glimt,Aspmyra Stadion,67.2775,14.38416667
BJ BSU ,Beijing Guoan F.C.,Workers Stadium,39.929528,116.441139
VfB Stuttgart,VfB Stuttgart,Mercedes-Benz Arena,48.792222,9.231944
BK Häcken,BK Häcken,Rambergsvallen,57.71888889,11.93083333
BSC Young Boys,BSC Young Boys,Stade de Suisse,46.962778,7.465
Balikesirspor ,Balıkesirspor,Balıkesir Atatürk Stadium,39.64151944,27.88785
Banik Ostrava ,FC Baník Ostrava,Bazaly,49.845111,18.299392
Baniyas SC,Baniyas SC,Baniyas Stadium,24.34986,54.68571
Barnsley F.C.,Barnsley F.C.,Oakwell,53.552222,-1.4675
Baroka F.C.,Baroka F.C.,Ngwana Mohube Sports Ground,-24.3049,29.6234
Bayer 04 Leverkusen,Bayer 04 Leverkusen,BayArena,51.03825556,7.002205555
Beijing Guoan F.C.,Beijing Guoan F.C.,Workers Stadium,39.929528,116.441139
Benevento ,Benevento Calcio,Stadio Ciro Vigorito,41.116389,14.781111
Berekum Chelsea ,Berekum Chelsea F.C.,Berekum Sports Stadium,7.45380556,-2.585
Beşiktaş,Beşiktaş,Vodafone Park,41.0392,28.9947
Bidvest Wits F.C.,Bidvest Wits F.C.,Bidvest Stadium,-26.187781,28.028431
Birmingham City F.C. ,Birmingham City F.C.,St Andrew's,52.47570278,-1.868188888
Blackburn Rovers F.C.,Blackburn Rovers F.C.,Ewood Park,53.72861111,-2.489166666
Blackpool F.C. ,Blackpool F.C.,Bloomfield Road,53.804722,-3.048056
Bloemfontein Celtic F.C.,Bloemfontein Celtic F.C.,Seisa Ramabodu Stadium,-29.174167,26.233611
Boavista F.C.,Boavista F.C.,Estádio do Bessa,41.16222222,-8.642777777
Boca Juniors F.C.,Boca Juniors,La Bombonera,-34.63565,-58.36465
Bologna F.C. 1909 ,Bologna F.C. 1909,Stadio Renato Dall'Ara,44.49222222,11.30972222
Bolton Wanderers F.C.,Bolton Wanderers F.C.,Reebok Stadium,53.58055556,-2.535555555
Boluspor ,Bucaspor,Buca Arena,38.395,27.19277778
Borussia Dortmund,Borussia Dortmund,Westfalenstadion,51.4925,7.451667
Borussia Mönchengladbach,Borussia Mönchengladbach,Borussia-Park,51.17458333,6.385463888
Boston River ,Boston River,Estadio Complejo Rentistas,-34.776394,-56.165854
Botafogo F.R.,Botafogo F.R.,Estádio Nilton Santos,-22.893172,-43.292269
Botev Plovdiv ,PFC Botev Plovdiv,Hristo Botev Stadium,42.139861,24.764444
Bradford ,Bradford City A.F.C.,Valley Parade,53.80422222,-1.759022222
Bregenz ,SC Schwarz-Weiß Bregenz,Casino Stadium,47.5034,9.73478
Safa Beirut SC ,Safa SC,Safa Stadium,33.87472222,35.49194444
Umm Salal SC,Umm Salal SC,Thani bin Jassim Stadium,25.34474,51.440562
Brentford F.C.,Brentford F.C.,Griffin Park,51.488167,-0.302639
Brescia Calcio ,Brescia Calcio,Stadio Mario Rigamonti,45.570556,10.236944
Brighton & Hove Albion F.C. ,Brighton & Hove Albion F.C.,Falmer Stadium,50.86182222,-0.083277777
Brisbane Roar FC,Brisbane Roar FC,Brisbane Stadium,-27.46472222,153.0094444
Bristol City F.C.,Bristol City F.C.,Ashton Gate Stadium,51.44,-2.620278
Bristol Rovers ,Bristol Rovers F.C.,Memorial Stadium,51.4862,-2.58313
Brøndby IF,Brøndby IF,Brøndby Stadium,55.648853,12.418358
Bunyodkor ,F.C. Bunyodkor,Bunyodkor Stadium,41.279722,69.2125
Buriram Utd. ,Buriram United F.C.,Chang Arena,14.966667,103.096111
Burnley F.C. ,Burnley F.C.,Turf Moor,53.789064,-2.230225
Bursaspor ,Bursaspor,Bursa Atatürk Stadium,40.192222,29.048333
Burton Albion ,Burton Albion F.C.,Pirelli Stadium,52.821906,-1.626958
Busan IPark,Busan IPark,Busan Asiad Main Stadium,35.190103,129.058361
Büyükşehir Belediye Erzurumspor,Erzurumspor,Kazım Karabekir Stadium,39.911197,41.238114
C.D. Feirense,C.D. Feirense,Estádio Marcolino de Castro,40.926689,-8.545814
C.D. Nacional,C.D. Nacional,Estádio da Madeira,32.670625,-16.883525
C.D. Palestino,C.D. Palestino,Estadio Municipal de La Cisterna,-33.52083333,-70.67277778
C.D. Santa Clara,C.D. Santa Clara,Estádio de São Miguel,37.763708,-25.622589
C.D. Tondela,C.D. Tondela,Estádio João Cardoso,40.512,-8.08282
C.F. Os Belenenses,C.F. Os Belenenses,Estádio do Restelo,38.702778,-9.207778
C.S. Marítimo,C.S. Marítimo,Estádio dos Barreiros,32.645561,-16.928331
CA Cerro ,C.A. Cerro,Estadio Luis Tróccoli,-34.8675,-56.25194444
CA Colón ,Club Atlético Colón,Estadio Brigadier General Estanislao López,-31.663217,-60.725394
CA Fénix ,Centro Atlético Fénix,Estadio Parque Capurro,-34.87338056,-56.21235833
CA Patronato ,Patronato de Paraná,Estadio Presbítero Bartolomé Grella,-31.743031,-60.507597
CA Temperley ,Club Atlético Tempergey,Estadio Alfredo Beranger,-34.782286,-58.399508
CA Talleres ,Club Atlético Talleres,Estadio Mario Alberto Kempes,-31.368956,-64.246244
Club Atlético Talleres,Club Atlético Talleres,Estadio Mario Alberto Kempes,-31.368956,-64.246244
CA Unión ,Unión de Santa Fe,Estadio 15 de Abril,-31.631853,-60.715867
CD Leganés,CD Leganés,Estadio Municipal de Butarque,40.3404,-3.7607
CD Lugo ,Club Deportivo Lugo,Estadio Anxo Carro,43.003333,-7.570833
CF Pachuca,CF Pachuca,"Hidalgo Stadium "" the hurricane """,20.105144,-98.756114
CFR Cluj,CFR Cluj,Stadionul Dr. Constantin Rădulescu,46.779678,23.577247
CR Vasco da Gama,CR Vasco da Gama,Estádio São Januário,-22.89091667,-43.22825278
CS Concordia Chiajna,CS Concordia Chiajna,Stadionul Concordia,44.462778,25.975278
CS Emelec ,Club Sport Emelec,Estadio George Capwell,-2.206603,-79.893758
CS U Craiova ,FCU Craiova 1948,Stadionul Ion Oblemenco,44.313889,23.784167
Gaz Metan ,CS Gaz Metan Mediaș,Stadionul Gaz Metan,46.172583,24.35275
CS Sedan ,CS Sedan Ardennes,Stade Louis Dugauguez,49.694147,4.938847
CSKA Sofia ,PFC CSKA Sofia,Balgarska Armia Stadium,42.684258,23.339769
Cagliari Calcio,Cagliari Calcio,Sardegna Arena,39.19988889,9.137583333
Calcio Catania,Calcio Catania,Stadio Angelo Massimino,37.515833,15.071389
Calcio Padova ,Calcio Padova,Stadio Euganeo,45.432222,11.858333
Cape Town City F.C.,Cape Town City F.C.,Hartleyvale Stadium,-33.93890688,18.47634789
Cape Umoya Utd. ,Ubuntu Cape Town F.C.,Athlone Stadium,-33.961944,18.516667
Cardiff City F.C. ,Cardiff City F.C.,Cardiff City Stadium,51.472778,-3.203056
Carlisle United ,Carlisle United F.C.,Brunton Park,54.89556,-2.91365
Carpi ,Carpi FC 1909,Stadio Alberto Braglia,44.653611,10.923333
FC Chornomorets Odesa,FC Chornomorets Odesa,Spartak Stadium,46.468389,30.748444
FC Tosno,FC Tosno,Petrovsky Stadium,59.951944,30.286389
FC Volga Nizhny Novgorod,FC Volga Nizhny Novgorod,Lokomotiv Stadium,56.30941944,43.92890556
FC Zürich,FC Zürich,Letzigrund,47.382791,8.503801
PKNS FC ,Selangor FA II,MBPJ Stadium,3.098708333,101.5937694
Pafos FC ,Pafos FC,Pafiako Stadium,34.769186,32.440144
Zira FC ,Zira FK,Zira Olympic Sport Complex Stadium,40.35892,50.29311
Ceará SC ,Ceará Sporting Club,Estádio Presidente Vargas,-3.745833,-38.536667
Orlando City SC,Orlando City SC,Exploria Stadium,28.5410645,-81.389035
Qatar SC,Qatar SC,Qatar SC Stadium,25.317155,51.512366
SC Longfor ,Sichuan FC,Chengdu Longquanyi Football Stadium,30.615778,104.307826
Zamalek SC,Zamalek SC,Cairo International Stadium,30.069111,31.312333
Ceará Sporting Club,Ceará Sporting Club,Estádio Presidente Vargas,-3.745833,-38.536667
Celta Vigo,Celta Vigo,Abanca Balaídos Stadium,42.211861,-8.740328
Celtic F.C.,Celtic F.C.,Celtic Park,55.84971111,-4.205588888
Central Coast Mariners FC,Central Coast Mariners FC,Central Coast Stadium,-33.428333,151.338056
Central Córdoba de Rosario,Central Córdoba de Rosario,Estadio Gabino Sosa,-32.97070833,-60.63627778
Cercle Brugge ,Club Brugge K.V.,Jan Breydel Stadium,51.193269,3.181311
Club Brugge ,Club Brugge K.V.,Jan Breydel Stadium,51.193269,3.181311
Cerezo Osaka,Cerezo Osaka,Kincho Stadium,34.615339,135.516572
Cerro Largo FC,Cerro Largo FC,Estadio Arquitecto Antonio Eleuterio Ubilla,-32.359708,-54.169328
Changchun Yatai F.C.,Changchun Yatai F.C.,Development Area Stadium,43.836881,125.390597
Charlton Athletic F.C.,Charlton Athletic F.C.,The Valley,51.48638889,0.036388888
Chelsea F.C.,Chelsea F.C.,Stamford Bridge stadium,51.48166667,-0.191111111
Chengdu Blades F.C.,Chengdu Blades F.C.,Chengdu Sports Centre,30.66555556,104.0647222
Esteghlal Ahvaz F.C.,Esteghlal Ahvaz F.C.,Takhti Stadium,31.314397,48.665008
Hellas Verona F.C.,Hellas Verona F.C.,Stadio Marc'Antonio Bentegodi,45.435356,10.968647
Chiangrai Utd. ,Chiangrai United F.C.,United Stadium of Chiangrai,19.956944,99.874722
Chiapas F.C.,Chiapas F.C.,Estadio Víctor Manuel Reyna,16.762783,-93.096369
Chicago Fire FC,Chicago Fire FC,Soldier Field,41.8625,-87.61666667
Chievo Verona ,A.C. ChievoVerona,Stadio Marc'Antonio Bentegodi,45.435356,10.968647
Chivas ,C.D. Chivas USA,Dignity Health Sports Park,33.86444444,-118.2611111
FC Chiasso,FC Chiasso,Stadio comunale Riva IV,45.834089,9.016686
Chongqing F.C.,Chongqing F.C.,Chongqing Olympic Sports Center,29.528723,106.502109
Cittadella ,Associazione Sportiva Cittadella,Stadio Pier Cesare Tombolato,45.642778,11.781111
Club Africain ,Club Africain,Stade Olympique de Radès,36.747775,10.27275
Club Atlético Banfield,Club Atlético Banfield,Estadio Florencio Sola,-34.750847,-58.387544
Club América,Club América,Estadio Azteca,19.302778,-99.150556
Club AméricaFutebol Clube (MG),Club América,Estadio Azteca,19.302778,-99.150556
Club Athletico Paranaense,Club Athletico Paranaense,Arena da Baixada,-25.448333,-49.276944
Club Atlético Belgrano,Club Atlético Belgrano,Julio Cesar Villagra,-31.4035,-64.206272
Club Atlético Huracán,Club Atlético Huracán,Estadio Tomás Adolfo Ducó,-34.643494,-58.396511
Club Atlético Lanús,Club Atlético Lanús,Estadio Ciudad de Lanús – Néstor Díaz Pérez,-34.717667,-58.383806
Club Atlético Osasuna,Club Atlético Osasuna,El Sadar Stadium,42.796667,-1.636944
Club Atlético River Plate,Club Atlético River Plate,Estadio Monumental Antonio Vespucio Liberti,-34.545278,-58.449444
Club Atlético River Plate,Club Atlético River Plate,Estadio Saroldi,-34.86213611,-56.20163889
Club Atlético San Lorenzo de Almagro,Club Atlético San Lorenzo de Almagro,El Nuevo Gasómetro,-34.652064,-58.440119
Club Atlético Tigre,Club Atlético Tigre,Estadio José Dellagiovanna,-34.449333,-58.542219
Club Nacional de Football,Club Nacional de Football,Cancha Parque Central,-34.8845,-56.159
Club Necaxa,Club Necaxa,Victoria Stadium,21.880653,-102.275483
Club Olimpo,Club Olimpia,Estadio Tigo Manuel Ferreira,-25.291389,-57.608611
Olimpia ,Club Olimpia,Estadio Tigo Manuel Ferreira,-25.291389,-57.608611
Club Tijuana,Club Tijuana,Caliente Stadium,32.506067,-116.993092
Club Universidad de Chile,Club Universidad de Chile,Estadio Nacional Julio Martínez Prádanos,-33.464522,-70.610586
Club Universitario de Deportes,Club Universitario de Deportes,"Estadio Monumental ""U""",-12.055694,-76.935972
Club de Fútbol Monterrey,Club de Fútbol Monterrey,BBVA Bancomer Stadium,25.670172,-100.2437
Club de Gimnasia y Esgrima La Plata,Club de Gimnasia y Esgrima La Plata,Stadium Juan Carmelo Zerillo,-34.910975,-57.932592
Clube Atlético Mineiro,Clube Atlético Mineiro,Estádio Independência,-19.908333,-43.917778
Clube Desportivo das Aves,Clube Desportivo das Aves,Estádio do CD das Aves,41.378077,-8.35476
Clube de Regatas do Flamengo,Clube de Regatas do Flamengo,Maracanã Stadium,-22.91216667,-43.23016389
Cobreloa ,Cobreloa,Estadio Municipal de Calama,-22.460278,-68.920556
Colchester United F.C.,Colchester United F.C.,Colchester Community Stadium,51.9234,0.897703
Colo Colo de Futebol e Regatas,Colo Colo de Futebol e Regatas,Q9255494,-14.790639,-39.034119
Colorado Rapids,Colorado Rapids,Dick's Sporting Goods Park,39.80555556,-104.8919444
Columbus Crew SC,Columbus Crew SC,Mapfre Stadium,40.00944444,-82.99111111
Coquimbo Unido,Coquimbo Unido,Estadio Municipal Francis,-29.965278,-71.338333
Coritiba F.C.,Coritiba F.C.,Estádio Couto Pereira,-25.421111,-49.2595
Coventry United F.C.,Coventry United F.C.,Butts Park Arena,52.406111,-1.525833
Cremonese ,U.S. Cremonese,Stadio Giovanni Zini,45.140278,10.034722
Crewe Alexandra ,Crewe Alexandra F.C.,Alexandra Stadium,53.087419,-2.435747
OFI Crete ,OFI Crete,Pankritio Stadium,35.33666667,25.10611111
Crotone ,F.C. Crotone,Stadio Ezio Scida,39.079167,17.116667
Cruz azul,Cruz azul,Cristal Arena,51.005,5.533333
Cruzeiro Esporte Clube,Cruzeiro E.C.,Mineirão,-19.865833,-43.970833
Crystal Palace F.C. ,Crystal Palace F.C.,Selhurst Park,51.39833333,-0.085555555
Crystal Palace F.C. ,Crystal Palace F.C.,Crystal Palace Park,51.4203,-0.0705
Curicó ,C.D.P. Curi,Estadio La Granja,-34.974356,-71.230707
D.C. United,D.C. United,Audi Field,38.868504,-77.012935
Daejeon Citizen FC,Daejeon Citizen FC,Daejeon World Cup Stadium,36.365229,127.325056
Dalian Yifang F.C.,Dalian Yifang F.C.,Dalian Sports Center,39.02,121.564
Dalkurd FF,Dalkurd FF,Domnarvsvallen,60.495,15.43416667
Danubio F.C.,Danubio F.C.,Jardines Del Hipódromo,-34.838719,-56.132281
Darlington ,Darlington F.C.,The Darlington Arena,54.508425,-1.534394
Defensa y Justicia,Defensa y Justicia,"Estadio Norberto ""Tito"" Tomaghello",-34.821753,-58.286511
Defensor Sporting Club,Defensor Sporting Club,Estadio Belvedere,-34.854922,-56.225689
Sporting B ,Defensor Sporting Club,Estadio Belvedere,-34.854922,-56.225689
Denizlispor,Denizlispor,Denizli Atatürk Stadium,37.766008,29.082433
Dep. La Coruña ,Deportivo La Coruña Brasil Futebol Clube,Estádio Eduardo Guinle,-22.298611,-42.541389
Deportes Iquique,Deportes Iquique,Estadio Tierra de Campeones,-20.242413,-70.132937
Deportivo Toluca F.C.,Deportivo Toluca F.C.,Nemesio Díez Stadium,19.287286,-99.666794
Luch ,FC Luch-Energiya Vladivostok,Dynamo Stadium,43.1192,131.8788
Derby County F.C.,Derby County F.C.,Pride Park Stadium,52.915,-1.447222222
Derry City F.C.,Derry City F.C.,Brandywell Stadium,54.990633,-7.336
Desp. Brasil ,Esporte Clube Tigres do Brasil,Estádio de Los Larios,-22.610833,-43.330556
Dijon FCO,Dijon FCO,Stade Gaston Gérard,47.324469,5.069247
Dinamo Bukarest ,FC Dinamo-Polyot Bishkek,Dynamo Stadion,42.83722222,74.60083333
Diyarbakirspor ,Diyarbakırspor,Diyarbakır Atatürk Stadium,37.914261,40.221461
Djurgårdens IF,Djurgårdens IF,Stockholm Olympic Stadium,59.345278,18.078889
Dnipro ,FC Dnipro,Dnipro Arena,48.460333,35.032472
Doncaster Rovers F.C.,Doncaster Rovers F.C.,Keepmoat Stadium,53.509722,-1.113889
Dunajska Streda ,FC DAC 1904 Dunajská Streda,DAC Stadion,47.99888889,17.61833333
Dundalk FC ,Dundalk F.C.,Oriel Park,53.998944,-6.416917
Dundee F.C.,Dundee F.C.,Dens Park,56.475264,-2.973194
Dundee United F.C.,Dundee United F.C.,Tannadice Park,56.474703,-2.968961
Dunfermline A. ,Dunfermline Athletic F.C.,East End Park,56.075308,-3.441906
Dynamo Dresden ,Dynamo Dresden,Rudolf-Harbig-Stadion,51.040278,13.747778
E.S. Troyes A.C.,E.S. Troyes A.C.,Stade de l'Aube,48.307561,4.098458
ENPPI Club,ENPPI Club,Petro Sport Stadium,30.027,31.446
ES Sahel ,Sahel FC,Stade Municipal,10.5903,14.3269
ES Sétif ,Entente Sportive Sétifienne,Stade 8 Mai 1945,36.186944,5.393056
Eintracht Braunschweig,Eintracht Braunschweig,Eintracht-Stadion,52.29,10.521389
Eintracht Frankfurt,Eintracht Frankfurt,Commerzbank-Arena,50.068611,8.645278
El Dakhleya,El Dakhleya,30 June Stadium,30.0199,31.3737
El Mokawloon ,El-Kanemi Warriors,El-Kanemi Stadium,11.84611111,13.14583333
El Gouna FC,El Gouna FC,El Gouna Stadium,27.36,33.66
El Makasa,El Makasa,Fayoum Stadium,29.318,30.84
El Makasa ,El Makasa,Fayoum Stadium,29.318,30.84
El Sharkia ,El Sharkia,Zagazig Stadium,30.59166667,31.47694444
El-Entag El-Harby,El-Entag El-Harby,AL-Salam Staduim,30.1745,31.435
Elazigspor  ,Elazığspor,Elazığ Atatürk Stadium,38.671111,39.197778
Elche CF ,Elche CF,Estadio Manuel Martínez Valero,38.266944,-0.663333
Energie Cottbus ,FC Energie Cottbus,Stadion der Freundschaft,51.751389,14.345556
Enisey ,Guernsey F.C.,Footes Lane,49.464624,-2.562906
Esbjerg fB,Esbjerg fB,Blue Water Arena,55.481944,8.439444
Eskisehirspor ,Eskişehirspor,Eskişehir Atatürk Stadium,39.77075,30.513833
Esperance ,FC Swift Hesperange,Stade Alphonse Theis,49.575353,6.158297
Esporte Clube Bahia,Esporte Clube Bahia,Arena Fonte Nova,-12.97881944,-38.50425278
Esporte Clube Primeiro Passo Vitória da Conquista,Esporte Clube Primeiro Passo Vitória da Conquista,Estádio Lomanto Júnior,-14.870206,-40.825936
Esteghlal Khuzestan F.C.,Esteghlal Khuzestan F.C.,Takhti Stadium,31.314397,48.665008
S.S.C. Napoli ,S.S.C. Napoli,Stadio San Paolo,40.827967,14.193008
Sanat Naft Novin Abadan F.C.,Sanat Naft Novin Abadan F.C.,Takhti Stadium,30.339444,48.292222
U.C. Sampdoriaia U19 ,U.C. Sampdoria,Stadio Luigi Ferraris,44.416431,8.952428
Estudiantes de La Plata,Estudiantes de La Plata,Estadio Jorge Luis Hirschi,-34.911925,-57.938794
Ettifaq FC,Ettifaq FC,Prince Mohamed bin Fahd Stadium,26.4272,50.1141
Evergrande Res. ,Guangzhou Evergrande Taobao Football Club,Tianhe Stadium,23.138031,113.324661
Guangzhou Evergrande Taobao Football Club,Guangzhou Evergrande Taobao Football Club,Tianhe Stadium,23.138031,113.324661
Everton F.C. ,Everton F.C.,Goodison Park,53.43888889,-2.966388888
Exc. Mouscron ,Royal Excelsior Mouscron,Stade Le Canonnier,50.733953,3.211082
F.C. Arouca,F.C. Arouca,Estádio Municipal de Arouca,40.92833333,-8.24861111
F.C. Copenhagen,F.C. Copenhagen,Parken Stadium,55.702469,12.572203
F.C. Nantes,F.C. Nantes,Stade de la Beaujoire,47.255556,-1.525278
F.C. Paços de Ferreira,F.C. Paços de Ferreira,Estádio da Mata Real,41.271353,-8.385581
F.C. Porto,F.C. Porto,Estádio do Dragão,41.161758,-8.583933
F.C. PortoB ,F.C. Porto,Estádio do Dragão,41.161758,-8.583933
FA Selangor ,Selangor FA,Shah Alam Stadium,3.08225,101.544944
FAR Rabat ,FAR Rabat,Prince Moulay Abdellah Stadium,33.959861,-6.889111
FBK Kaunas ,FBK Kaunas,Darius and Girėnas Stadium,54.897222,23.936944
FC Aarau,FC Aarau,Stadion Brügglifeld,47.383333,8.06
FC Admira Wacker Mödling,FC Admira Wacker Mödling,BSFZ-Arena,48.0976,16.3109
FC Anzhi Makhachkala,FC Anzhi Makhachkala,Khazar Stadium,42.907901,47.618587
FC Arsenal Tula,FC Arsenal Tula,Arsenal Stadium,54.174167,37.603056
FC Astana ,FC Astana,Astana Arena,51.108056,71.401667
FC Atyrau,FC Atyrau,Munayshy Stadium,47.094085,51.908324
FC Augsburg,FC Augsburg,WWK Arena,48.3233205,10.8859261
FC Baku ,FC Baku,Tofiq Bahramov Stadium,40.397333,49.852417
FC Barcelona,FC Barcelona,Camp Nou,41.380833,2.1225
FC BarcelonaB ,FC Barcelona,Camp Nou,41.380833,2.1225
FC Basel,FC Basel,St. Jakob-Park,47.541389,7.62
FC Botosani ,FC Botoșani,Stadionul Municipal,47.7483,26.6519
FC Cincinnati,FC Cincinnati,West End Stadium,39.11138889,-84.52222222
FC Dallas,FC Dallas,Toyota Stadium,33.15445833,-96.83515833
FC Dinamo Moscow,FC Dinamo Moscow,VTB Arena,55.7914,37.5597
FC Dynamo Kyiv,FC Dynamo Kyiv,Olimpiyskiy National Sports Complex,50.43333333,30.52166667
FC Girondins de Bordeaux,FC Girondins de Bordeaux,Stade Bordeaux-Atlantique,44.896944,-0.563333
FC Groningen,FC Groningen,Euroborg,53.20611111,6.591388888
FC Ingolstadt ,FC Ingolstadt 04,Audi Sportpark,48.74555556,11.485
FC Karpaty Lviv,FC Karpaty Lviv,Ukraina Stadium,49.819234,24.048193
PFK Lviv ,FC Karpaty Lviv,Ukraina Stadium,49.819234,24.048193
FC Krasnodar,FC Krasnodar-2,Krasnodar Academy Stadium,45.043395,39.035566
FC Krylia Sovetov Samara,FC Krylia Sovetov Samara,Metallurg Stadium,53.238333,50.271667
FC Lausanne-Sport,FC Lausanne-Sport,Stade Olympique de la Pontaise,46.534,6.625
FC Lokomotiv Moscow,FC Lokomotiv Moscow,"""RZD arena"" Stadium",55.80355,37.741169
FC Lorient ,F.C. Lorient,Stade du Moustoir,47.748256,-3.369733
FC Lugano,FC Lugano,Cornaredo Stadium,46.023611,8.961667
FC Luzern,FC Luzern,Swissporarena,47.033264,8.305187
FC Metalist Kharkiv,FC Metalist Kharkiv,Metalist Stadium,49.980858,36.261703
FC Metalurh Donetsk,FC Metalurh Donetsk,Metalurh Stadium,47.973222,37.798139
FC Metalurh Zaporizhzhia,FC Metalurh Zaporizhzhia,Slavutych Arena,47.859627,35.096952
FC Metz,FC Metz,Stade Saint-Symphorien,49.109813,6.159511
FC Midtjylland,FC Midtjylland,MCH Arena,56.11666667,8.95166667
FC Mordovia Saransk,FC Mordovia Saransk,Start Stadium,54.17583611,45.192175
FC Nordsjælland,FC Nordsjælland,Farum Park,55.815847,12.353289
FC Orenburg,FC Orenburg,Gazovik Stadium,51.78506389,55.22108056
FC Petrolul Ploiești,FC Petrolul Ploiești,Stadionul Ilie Oană,44.940278,26.033333
FC Red Bull Salzburg,FC Red Bull Salzburg,Red Bull Arena,47.81625,12.99822222
FC Rostov,FC Rostov,Rostov Arena,47.20833333,39.74166667
FC Schaffhausen,FC Schaffhausen,Stadion Breite,47.7042,8.62583
FC Schalke 04,FC Schalke 04,Veltins Arena,51.55450278,7.067588888
FC Shakhtar Donetsk,FC Shakhtar Donetsk,Donbass Arena,48.020833,37.809722
FC Sion,FC Sion,Stade Tourbillon,46.233333,7.376389
FC Sochaux-Montbéliard,FC Sochaux-Montbéliard,Stade Auguste Bonal,47.512403,6.811094
FC St. Pauli ,FC St. Pauli,Millerntor-Stadion,53.554444,9.967778
FC Steaua Bucuresti ,FC Steaua Bucuresti,National Arena,44.4372,26.1525
FC Thun,FC Thun,Arena Thun,46.744817,7.606075
FC Tokyo,FC Tokyo U-23,Nishigaoka Soccer Stadium,35.769167,139.707778
FC Tom Tomsk,FC Tom Tomsk,Trud Stadium,56.47416667,84.95666667
FC Ufa,FC Ufa,Neftyanik Stadium,54.8259,56.0614
FC Universitatea Cluj,FC Universitatea Cluj,Cluj Arena,46.768333,23.572222
FC Ural Yekaterinburg,FC Ural Yekaterinburg,Central Stadium Yekaterinburg,56.832222,60.573611
FC Vaduz,FC Vaduz,Rheinpark Stadion,47.14027778,9.510277777
FC Viitorul ,FC Viitorul Constanța,Viitorul Stadium,44.26388889,28.55583333
FC Wacker Innsbruck,FC Wacker Innsbruck,Tivoli-Neu,47.255972,11.410789
FC Wil 1900,FC Wil 1900,kybunpark,47.408333,9.306389
FC Zenit Saint Petersburg,FC Zenit Saint Petersburg,Gazprom Arena,59.972953,30.220533
Robur Siena,Robur Siena,Stadio Artemio Franchi,43.321667,11.326111
FC Zorya Luhansk,FC Zorya Luhansk,Avanhard Stadium,48.559444,39.321111
FK Austria Wien,FK Austria Wien,Generali Arena,48.162306,16.386694
FK Haugesund,FK Haugesund,Haugesund Stadion,59.413068,5.279379
FK Lyn ,Lyn Fotball,Bislett Stadion,59.924722,10.733333
FK Moskau ,FC Moscow,Eduard Streltsov Stadium,55.716389,37.656389
FK Qabala ,Gabala FC,Gabala City Stadium,40.98519444,47.8425
FK Oleksandriya ,FC Oleksandriya,CSC Nika Stadium,48.674722,33.103611
FK Olimps Riga ,JFK Olimps,Daugava Stadium,56.95516667,24.15886111
FK Sparta ,FK Spartak Zlatibor Voda,Subotica City Stadium,46.081781,19.676958
FSV Frankfurt ,FSV Frankfurt,Frankfurter Volksbank Stadion,50.128056,8.723333
Fajr Sepasi ,Fajr Sepasi F.C.,Hafezieh Stadium,29.623865,52.556062
Falkirk FC ,Falkirk F.C.,Falkirk Stadium,56.005136,-3.754269
Fehérvár ,Falkirk F.C.,Falkirk Stadium,56.005136,-3.754269
Fenerbahçe S.K.,Fenerbahçe S.K.,Şükrü Saracoğlu Stadium,40.987778,29.036667
Feralpisalò ,Feralpisalò,Stadio Lino Turina,45.6039,10.5128
Ferencváros ,Ferencvárosi TC II,Groupama Arena,47.47527778,19.09611111
Feyenoord,Feyenoord,De Kuip,51.89389444,4.523252777
Fgura Utd ,Feyenoord,De Kuip,51.89389444,4.523252777
Figueirense Futebol Clube FC ,Figueirense Futebol Clube,Estádio Orlando Scarpelli,-27.585556,-48.586667
Fleetwood ,Fleetwood Town F.C.,Highbury Stadium,53.916508,-3.024728
Fluminense de Feira Futebol Clube,Fluminense de Feira Futebol Clube,Estádio Joia da Princesa,-12.244583,-38.97235
Foggia ,A.C.D. Foggia Calcio,Stadio Pino Zaccheria,41.454444,15.5425
Foolad F.C.,Foolad F.C.,Ghadir Stadium,31.320278,48.669167
Fortuna Düsseldorf,Fortuna Düsseldorf,Merkur Spielarena,51.261539,6.733083
Fredrikstad FK,Fredrikstad FK,Fredrikstad Stadion,59.213049,10.92732
Frosinone ,Frosinone Calcio,Benito Stirpe Stadium,41.63426,13.321866
Fulham F.C. ,Fulham F.C.,Craven Cottage,51.475,-0.221666666
G.D. Estoril Praia,G.D. Estoril Praia,Estádio António Coimbra da Mota,38.716,-9.406
GAIS,GAIS,Gamla Ullevi,57.70611111,11.98055556
GD Sou. Tigers ,Guangdong Sunray Cave F.C.,Guangdong Olympic Stadium,23.137656,113.403519
GIF Sundsvall,GIF Sundsvall,NP3 Arena,62.39416667,17.30111111
GKS Bełchatów,GKS Bełchatów,Stadion GKS,51.365839,19.381692
GZ Hengfeng ,Guizhou HengFeng ZhiCHeng,Guiyang Olympic Sports Center,26.620721,106.605749
Galatasaray S.K.,Galatasaray S.K.,Türk Telekom Stadium,41.102861,28.990417
Gamba Osaka,Gamba Osaka,Suita Stadium,34.811372,135.54085
Gangwon FC,Gangwon FC,Gangneung Stadium,37.773561,128.897503
Gefle IF,Gefle IF,Strömvallen,60.67305556,17.1275
Gençlerbirliği S.K.,Gençlerbirliği S.K.,Ankara 19 Mayıs Stadium,39.940094,32.845681
S.P. La Fiorita ,S.P. La Fiorita,Stadio Olimpico,43.97125,12.476972
S.S. Lazio ,S.S. Lazio,Stadio Olimpico,41.933872,12.454714
Getafe CF,Getafe CF,Coliseum Alfonso Pérez,40.325556,-3.714722
Gil Vicente F.C.,Gil Vicente F.C.,Estádio Cidade de Barcelos,41.53388889,-8.611111111
Giresunspor ,Giresunspor,Giresun Atatürk Stadium,40.90972222,38.37194444
Girona ,Girona FC,Montilivi Stadium,41.961389,2.828611
Gloria Bistrița,Gloria Bistrița,Stadionul Gloria,47.130833,24.502778
Godoy Cruz Antonio Tomba,Godoy Cruz Antonio Tomba,Estadio Malvinas Argentinas,-32.889564,-68.879994
Goiás Esporte Clube,Goianésia Esporte Clube,Q10277471,-16.34634722,-48.95576111
Gold Coast United FC,Gold Coast United FC,Robina Stadium,-28.066944,153.378889
Gomel ,FC Gomel,Central Stadium,52.43652778,31.01236111
Gornik Leczna ,Górnik Łęczna,Arena Lublin,51.2319,22.5575
Górnik Zabrze,Górnik Zabrze,Ernest Pohl Stadium,50.296317,18.768564
Granada CF,Granada CF,Estadio Nuevo Los Cármeness,37.152967,-3.595736
Grasshopper Club Zürich,Grasshopper Club Zürich,Letzigrund,47.382791,8.503801
Grazer AK 1902 ,Grazer AK,UPC-Arena,47.046111,15.454444
Grenoble ,Grenoble Foot 38,Stade des Alpes,45.187428,5.740099
Gretna F.C.,Gretna F.C.,Raydale Park,54.993214,-3.071919
Grêmio Barueri Futebol,Grêmio Barueri Futebol,Arena Barueri,-23.513056,-46.899444
Grêmio Esportivo Brasiliense,Grêmio Esportivo Brasil,Estádio Bento Freitas,-31.770833,-52.3325
Guangzhou R&F F.C.,Guangzhou R&F F.C.,Yuexiushan Stadium,23.139216,113.260739
Guingamp ,En Avant de Guingamp,Stade de Roudourou,48.56628611,-3.164597222
Gyeongnam FC,Gyeongnam FC,Changwon Football Center,35.223406,128.705707
Göztepe ,Göztepe S.K.,İzmir Atatürk Stadium,38.435,27.17805556
H. Beer Sheva ,Hapoel Be'er Sheva F.C.,Turner Stadium,31.2731,34.7794
Maccabi Haifa ,Maccabi Haifa F.C.,Sammy Ofer Stadium,32.783356,34.966765
H.N.K. Hajduk Split,H.N.K. Hajduk Split,Stadion Poljud,43.519444,16.431667
K. Offenbach ,Kickers Offenbach,Sparda Bank Hessen Stadium,50.094444,8.798611
HB Køge,HB Køge,SEAS-NVE Park,55.413578,12.134153
HJK Helsinki ,Helsingin Jalkapalloklubi,Bolt Arena,60.1875,24.9225
HN Billows ,Hunan Billows F.C.,Yiyang Stadium,28.55509,112.352064
HNK Cibalia,HNK Cibalia,Stadion HNK Cibalia,45.283742,18.797382
HNK Gorica,NK Radnik Velika Gorica,Stadion Radnik,45.724,16.0732
HNK Rijeka,HNK Rijeka,Stadion Kantrida,45.339202,14.380959
HNK Sibenik ,HNK Šibenik,Šubićevac Stadium,43.743553,15.896058
Hacettepe ,Hacettepe S.K.,Ankara 19 Mayıs Stadium,39.940094,32.845681
Halmstads BK,Halmstads BK,Örjans Vall,56.68416667,12.86638889
Hamburger SV,Hamburger SV,Volksparkstadion,53.586944,9.898611
Hamilton Academical F.C.,Hamilton Academical F.C.,New Douglas Park,55.7822,-4.0585
Hammarby Fotboll,Hammarby Fotboll,Tele2 Arena,59.29138889,18.08527778
Hannover 96,Hannover 96,HDI-Arena,52.36,9.731111
Hansa Rostock ,F.C. Hansa Rostock,Ostseestadion,54.08495,12.09518889
Hapoel Tel Aviv ,Hapoel Tel Aviv F.C.,Bloomfield Stadium,32.05175,34.761625
M. Tel Aviv ,Maccabi Tel Aviv F.C.,Bloomfield Stadium,32.05175,34.761625
Haras El-Hodood SC,Haras El-Hodood SC,Harras El-Hedoud Stadium,31.1509,29.8485
Hartlepool Utd. ,Hartlepool United F.C.,Victoria Park,54.689139,-1.212722
Hatta Club ,Hatta Club,Hamdan Bin Rashid Stadium,24.80452778,56.11261111
Heart of Midlothian F.C.,Heart of Midlothian F.C.,Tynecastle Park,55.939167,-3.232222
Hebei Zhongji F.C.,Hebei Zhongji F.C.,Qinhuangdao Olympic Sports Center Stadium,39.90722222,119.5477778
Helsingborgs IF,Helsingborgs IF,Olympia,56.04944444,12.70694444
Henan Jianye F.C.,Henan Jianye F.C.,Zhengzhou Hanghai Stadium,34.7167,113.725
Heracles Almelo,Heracles Almelo,Erve Asito,52.338611,6.649722
Hertha BSC,Hertha BSC,Olympiastadion Berlin,52.51472222,13.23944444
Hibernian F.C.,Hibernian F.C.,Easter Road,55.96166667,-3.165555555
Hibernians FC ,Hibernians F.C.,Hibernians Stadium,35.88286111,14.51302778
Hobro IK,Hobro IK,DS Arena,56.6333,9.81703
Hoffenheim U19 ,TSG 1899 Hoffenheim,Rhein-Neckar Arena,49.239,8.888278
Hoffenheim U19 ,TSG 1899 Hoffenheim,Rhein-Neckar Arena,49.239,8.888278
TSG 1899 Hoffenheim,TSG 1899 Hoffenheim,Dietmar-Hopp-Stadion,49.2783,8.84212
TSG 1899 Hoffenheim,TSG 1899 Hoffenheim,Dietmar-Hopp-Stadion,49.2783,8.84212
Holstein Kiel ,Holstein Kiel,Holstein-Stadion,54.349167,10.123611
Hougang Utd. ,Hougang United FC,Hougang Stadium,1.36912,103.886
Houston Dynamo,Houston Dynamo,BBVA Stadium,29.7522,-95.3524
Huachipato FC,Huachipato FC,Estadio José Pachencho Romero,10.674114,-71.645011
Huddersfield Town A.F.C.field ,Huddersfield Town A.F.C.,John Smith's Stadium,53.65416667,-1.768333333
Northampt. Town ,Northampton Town F.C.,Sixfields Stadium,52.235197,-0.93345
Hull City A.F.C.,Hull City A.F.C.,KCOM Stadium,53.74611111,-0.367777777
Hércules CF,Hércules CF,Estadio José Rico Pérez,38.357222,-0.4925
Hönefoss ,Hønefoss BK,AKA Arena,60.159119,10.265368
Kristiansund BK ,Hønefoss BK,AKA Arena,60.159119,10.265368
IF Elfsborg,IF Elfsborg,Borås Arena,57.73457,12.934334
IFK Göteborg,IFK Göteborg,Gamla Ullevi,57.70611111,11.98055556
IFK Norrköping,IFK Norrköping,Idrottsparken,58.58416667,16.17305556
IK Sirius,IK Sirius,Studenternas IP,59.85,17.644444
IK Start,IK Start,Sør Arena,58.153611,8.028611
Incheon United FC,Incheon United FC,Incheon Football Stadium,37.466131,126.643035
Independiente ,Independiente F.B.C.,Q5848359,-25.275848,-57.5516543
Inter Miami CF,Inter Miami CF,Miami Freedom Park,25.78055556,-80.20555556
Inter Milan,Inter Milan,San Siro Stadium,45.47808,9.124
Inverness Cal. ,Inverness Caledonian Thistle F.C.,Caledonian Stadium,57.494722,-4.2175
Ipswich Town F.C.,Ipswich Town F.C.,Portman Road,52.05506111,1.144830555
Iraklis ,Iraklis F.C.,Kaftanzoglio Stadium,40.62549722,22.96700278
Ismaily SC,Ismaily SC,Ismailia Stadium,30.60194444,32.27388889
JEF United Chiba,JEF United Chiba,Fukuda Denshi Arena,35.577545,140.122912
Jagiellonia Białystok,Jagiellonia Białystok,Białystok City Stadium,53.105556,23.148889
Jeju United FC,Jeju United FC,Jeju World Cup Stadium,33.246212,126.509361
Jeonbuk Hyundai Motors,Jeonbuk Hyundai Motors,Jeonju World Cup Stadium,35.868071,127.06448
NT Zhiyun ,Jeonbuk Hyundai Motors,Jeonju World Cup Stadium,35.868071,127.06448
Jeonnam Dragons ,AS Dragons,Stade 24 Novembre,-4.322865,15.312485
Jiangsu Suning F.C.,Jiangsu Suning F.C.,Nanjing Olympic Sports Centre,32.010642,118.7197
Jiul Petrosani ,CS Jiul Petroșani,Stadionul Jiul,45.408333,23.3675
Johor DT ,Johor Darul Takzim F.C.,Tan Sri Dato Haji Hassan Yunos Stadium,1.497575,103.7513722
Jong FC Twente,FC Twente,De Grolsch Veste,52.23666667,6.8375
Jong FC Utrecht,Jong FC Utrecht,Sportcomplex Zoudenbalch,52.075833,5.146111
Juventud ,Juventud de Las Piedras,Estadio Parque Artigas Las Piedras,-34.72444444,-56.2025
Juventude Sport Clube,Juventude Sport Clube,Sanches de Miranda Stadium,38.56194444,-7.913888888
Juventus F.C. ,Juventus F.C.,Juventus Stadium,45.109594,7.641247
Juventus F.C. U23 ,Juventus F.C.,Juventus Stadium,45.109594,7.641247
Jönköping ,Jönköpings Södra IF,Stadsparksvallen,57.78333333,14.14194444
Júbilo Iwata,Júbilo Iwata,Yamaha Stadium,34.725217,137.875006
K. Erciyesspor ,Kayseri Erciyesspor,Kadir Has Stadium,38.737289,35.423133
Kayserispor,Kayserispor,Kadir Has Stadium,38.737289,35.423133
KAA Gent ,K.A.A. Gent,Jules Ottenstadion,51.031389,3.766111
KF Vushtrria ,KF Trepça,Olympic Stadium Adem Jashari,42.88155556,20.85088889
KRC Genk ,K. Waterschei S.V. Thor Genk,Cristal Arena,51.005,5.533333
Lens ,R.C. Lens,Stade Félix-Bollaert,50.432778,2.814722
KS Cracovia,KS Cracovia,Marshal Józef Piłsudski Stadium,50.058056,19.919722
KSC Lokeren ,K.S.C. Lokeren Oost-Vlaanderen,Daknamstadion,51.116389,3.987222
KV Kortrijk ,K.V. Kortrijk,Guldensporen Stadion,50.830278,3.248889
KV Mechelen ,KV Mechelen,AFAS Stadion KV Mechelen,51.037222,4.486389
KV Oostende ,A.S.V. Oostende K.M.,Albertpark,51.216667,2.886389
KVC Westerlo ,K.V.C. Westerlo,Het Kuipje,51.094722,4.928333
Spartak V. ,PFC Spartak Varna,Spartak Stadium,43.218611,27.9125
Kairat Almaty ,FC Kairat Academy,Almaty Central Stadium,43.238331,76.92435
Kaizer Chiefs F.C.,Kaizer Chiefs F.C.,FNB Stadium,-26.234806,27.982378
Kalmar FF,Kalmar FF,Guldfågeln Arena,56.69070278,16.31523333
Karabükspor ,Sakaryaspor,Sakarya Atatürk Stadium,40.777014,30.386558
Kryvbas ,Sakaryaspor,Sakarya Atatürk Stadium,40.777014,30.386558
Karlsruher SC,Karlsruher SC,Wildparkstadion,49.02,8.413055555
Kashima Antlers,Kashima Antlers,Kashima Soccer Stadium,35.991744,140.640525
Kashiwa Reysol,Kashiwa Reysol,Hitachi Kashiwa Soccer Stadium,35.8485,139.975149
Kasımpaşa S.K.,Kasımpaşa S.K.,Recep Tayyip Erdoğan Stadium,41.032806,28.972322
Kawasaki Frontale,Kawasaki Frontale,Todoroki Athletics Stadium,35.585895,139.652731
Kedah FA ,Kedah FA,Darul Aman Stadium,6.136022222,100.3717639
Kelantan FA ,Kelantan FA,Sultan Mohammad IV Stadium,6.123838888,102.2435611
Khimki ,FC Khimki,Rodina Stadium,55.903,37.459
Kilmarnock F.C.,Kilmarnock F.C.,Rugby Park,55.604225,-4.508122
Kokand 1912 ,Békéscsaba 1912 Előre SE,Stadion Kórház utcai,46.686111,21.105
Konyaspor,Ünyespor,Ünye İlçe Stadium,41.12472222,37.28555556
Korona Kielce,Korona Kielce,Kielce City Stadium,50.861389,20.624722
Kuban FC Krasnodar,FC Kuban Krasnodar,Kuban Stadium,45.02527778,38.99944444
L.A.S.K. Linz,L.A.S.K. Linz,Linzer Stadion,48.293333,14.276389
SL.A.S.K. LinzWrocław,L.A.S.K. Linz,Linzer Stadion,48.293333,14.276389
LDU Quito ,Liga Deportiva Universitaria de Quito,Rodrigo Paz Delgado,-0.107694,-78.489083
LKS Lodz ,LKS Nieciecza,Stadion Termaliki Bruk-Bet,50.1584,20.8492
LR Vicenza ,Vicenza Calcio,Stadio Romeo Menti,45.544167,11.555556
Lamontville Golden Arrows F.C.,Lamontville Golden Arrows F.C.,King Zwelithini Stadium,-29.971389,30.9
Latina Calcio ,U.S. Latina Calcio,Stadio Domenico Francioni,41.463611,12.898889
Lech Poznań,Lech Poznań,Stadion Miejski,52.397222,16.858056
Lechia Gdańsk,Lechia Gdańsk,Stadion Energa Gdańsk,54.39,18.640278
Leeds United F.C.,Leeds United F.C.,Elland Road,53.77777778,-1.572222222
Legia Warsaw,Legia Warsaw,Polish Army Stadium,52.220461,21.040628
Leicester City F.C. ,Leicester City F.C.,King Power Stadium,52.62027778,-1.142222222
Leixões S.C.,Leixões S.C.,Estádio do Mar,41.18388889,-8.66694444
Levante UD,Levante UD,Estadi Ciutat de València,39.494722,-0.364167
Levski Sofia ,PFC Levski Sofia,Georgi Asparuhov Stadium,42.705467,23.363197
Lok. Sofia ,FC Lokomotiv 1929 Sofia,Lokomotiv Stadium,42.737639,23.314806
Leyton Orient ,Leyton Orient F.C.,Brisbane Road,51.560139,-0.012639
León ,Club León,León Stadium,21.115544,-101.657744
Liaoning Whowin F.C.,Liaoning Whowin F.C.,Shenyang Olympic Sports Center Stadium,41.739037,123.457484
Libertad ,Club Libertad,Estadio Dr. Nicolás Léoz,-25.277846,-57.611039
Lierse SK ,Lierse S.K.,Herman Vanderpoortenstadion,51.144167,4.573611
Lille OSC,Lille OSC,Stade Pierre-Mauroy,50.611944,3.130556
Lillestrøm SK,Lillestrøm SK,Åråsen Stadion,59.962752,11.063458
Lincoln City ,Lincoln City F.C.,Sincil Bank,53.218289,-0.540811
Liverpool F.C. ,Liverpool F.C.,Anfield,53.43081944,-2.960827777
Liverpool F.C. FC ,Liverpool F.C.,Estadio Belvedere,-34.854922,-56.225689
Liverpool F.C. U23 ,Liverpool F.C.,Anfield,53.43081944,-2.960827777
Livingston FC ,Livingston F.C.,Almondvale Stadium,55.886167,-3.522872
Lokomotiv Tashkent,Lokomotiv Tashkent,Lokomotiv Stadium,41.361111,69.395
Los Angeles FC,Los Angeles FC,Banc of California Stadium,34.013,-118.285
Los Angeles Galaxy,Los Angeles Galaxy,Dignity Health Sports Park,33.86444444,-118.2611111
Ludogorets ,PFC Ludogorets Razgrad,Ludogorets Arena,43.53361111,26.5275
Luton ,Luton Town F.C.,Kenilworth Road,51.88416667,-0.431666666
MK Dons ,Milton Keynes Dons F.C.,Stadium mk,52.009444,-0.733333
MSV Duisburg ,MSV Duisburg,Schauinsland-Reisen-Arena,51.409028,6.778639
MZ Hakka ,Meixian Hakka F.C.,Meixian Tsang Hin-chi Stadium,24.2752708,116.0781429
Machine Sazi ,Machine Sazi Dabiri Tabriz F.C.,Takhti Stadium,38.067403,46.301515
Malatyaspor ,Malatyaspor,Malatya İnönü Stadium,38.352178,38.330494
Yeni Malatyaspor,Yeni Malatyaspor,Malatya İnönü Stadium,38.352178,38.330494
Maldonado ,Deportivo Maldonado,Estadio Domingo Burgueño,-34.914444,-54.955278
Malmö FF,Malmö FF,Swedbank Stadion,55.58361111,12.98777778
Mamelodi Sundowns F.C.,Mamelodi Sundowns F.C.,Loftus Versfeld Stadium,-25.753189,28.223014
Manchester City F.C. ,Manchester City F.C.,Etihad Stadium,53.48305556,-2.200277777
Manisaspor ,Manisaspor,Manisa 19 Mayıs Stadium,38.623006,27.439933
Melbourne City Football Club,Melbourne Knights Football Club,Knights Stadium,-37.762208,144.845397
Melbourne Victory,Melbourne Victory,Melbourne Rectangular Stadium,-37.825278,144.983889
Mersin IY ,Mersin İdmanyurdu,Tevfik Sırrı Gür Stadium,36.78626,34.617555
Miami FC ,Miami FC,Riccardo Silva Stadium,25.7525,-80.377778
Middlesbrough F.C.,Middlesbrough F.C.,Riverside Stadium,54.57833333,-1.216944444
Miedz Legnica ,SD Tenisca,Q16564739,28.70727222,-17.76239722
Millwall ,Millwall F.C.,The Den,51.485833,-0.050833
Minnesota United FC,Minnesota United FC,National Sports Center,45.1575,-93.225925
Minnesota United FC,Minnesota United FC,Allianz Field,44.9528,-93.1651
Mladá Boleslav ,FK Mladá Boleslav,Městský stadion,50.427083,14.914783
Modena ,Kickers Emden,Ostfriesland-Stadion,53.379167,7.203333
Molde FK,Molde FK,Aker Stadion,62.73388889,7.148611111
Monarcas Morelia,Monarcas Morelia,Morelos Stadium,19.718742,-101.233622
Montevideo Wanderers Fútbol Club,Montevideo Wanderers Fútbol Club,Gallinero,41.948928,-2.445301
Montpellier Hérault Sport Club,Montpellier Hérault Sport Club,Stade de la Mosson,43.621944,3.811944
Montreal Impact,Montreal Impact,Saputo Stadium,45.56305556,-73.5525
Moreirense F.C.,Moreirense F.C.,Parque de Jogos Comendador Joaquim de Almeida Freitas,41.378089,-8.354761
Morton ,Greenock Morton F.C.,Cappielow,55.9413,-4.72681
Mosta F.C.,Mosta F.C.,Mosta Ground,35.90472222,14.43472222
Mvd City Torque ,Swansea City A.F.C. Reserves,Parc y Scarlets,51.679167,-4.129167
Málaga CF ,Malaga CF,La Rosaleda Stadium,36.734092,-4.426422
N.K. Zagreb,N.K. Zagreb,Stadion Kranjčevićeva,45.804722,15.960833
NK Zagreb ,N.K. Zagreb,Stadion Kranjčevićeva,45.804722,15.960833
NAC Breda,NAC Breda,Rat Verlegh Stadion,51.595556,4.750278
NK Croatia Sesvete,NK Croatia Sesvete,Stadion ŠRC Sesvete,45.8364,16.1075
NK Inter Zaprešić,NK Inter Zaprešić,Stadion ŠRC Zaprešić,45.864722,15.799722
NK Istra 1961,NK Istra 1961,Stadion Aldo Drosina,44.861565,13.851561
NK Karlovac 1919,NK Karlovac 1919,Stadion Branko Čavlović-Čavlek,45.484497,15.563933
NK Lokomotiva,NK Lokomotiva,Stadion Maksimir,45.81885833,16.01807778
NK Lokomotiva,NK Lokomotiva,Stadion Maksimir,45.81885833,16.01807778
NK Olimpija ,NK Olimpija Ljubljana,Stožice Stadium,46.081111,14.521389
NK Olimpija ,NK Olimpija Ljubljana,Bežigrad Stadium,46.06912999,14.50860459
NK Varaždin ŠN,NK Varaždin ŠN,Stadion Anđelko Herjavec,46.31313611,16.34172778
NK Varaždin ŠN,NK Varaždin ŠN,Stadion Anđelko Herjavec,46.31313611,16.34172778
NK Maribor ,NK Maribor,Ljudski vrt,46.5625,15.640556
NK Osijek,NK Osijek,Stadion Gradski vrt,45.545,18.695833
NK Slaven Belupo,NK Celje,Arena Petrol,46.246667,15.270278
NK Zadar,NK Zadar,Stadion Stanovi,44.112667,15.246829
Nagoya Grampus,Nagoya Grampus,Mizuho Athletic Stadium,35.122721,136.944301
Najran SC,Najran SC,Al Akhdoud Club Stadium,17.590278,44.244722
Nasaf Qarshi ,Nasaf Qarshi,Markaziy Stadium,38.83823,65.81354
Nashville SC,Nashville SC,First Horizon Park,36.173031,-86.785033
Neftchi Baku ,Neftchi Baku PFC,Eighth Kilometer District Stadium,40.400163,49.944019
Neuchâtel Xamax,Neuchâtel Xamax,Stade de la Maladière,46.9952,6.944
New England Revolution,New England Revolution,Gillette Stadium,42.09094444,-71.26434444
New York Red Bulls,New York Red Bulls,Red Bull Arena,40.73666667,-74.15027778
Newcastle United F.C. ,Newcastle United F.C.,St James' Park,54.97555556,-1.621666666
Newell's Old Boys,Newell's Old Boys,Estadio Marcelo Bielsa,-32.956056,-60.661444
Newport County ,Newport County A.F.C.,Rodney Parade,51.588333,-2.987778
NorthEast Utd. ,North East Stars,Sangre Grande Regional Complex,10.59919722,-61.13074167
Norwich City F.C. ,Norwich City F.C.,Carrow Road,52.622128,1.308653
Nottingham Forest F.C.. com,Nottingham Forest F.C.. com,City Ground,52.94,-1.132778
Notts County F.C.,Notts County F.C.,Meadow Lane,52.9425,-1.13722222
Náutico Futebol Clube,Paraná Clube,Estádio Vila Capanema,-25.439444,-49.255833
O'Higgins F.C.,O'Higgins F.C.,Estadio El Teniente,-34.177764,-70.737719
O'Higgins F.C.,O'Higgins F.C.,Monasterio Celeste,-34.25164722,-70.83316111
OGC Nice,OGC Nice,Allianz Riviera,43.70513889,7.192583333
Odds BK,Odds BK,Skagerak Arena,59.211111,9.589722
Odense Boldklub,Odense Boldklub,Nature Energy Park,55.397771,10.350055
Odra Wodzislaw ,Odra Wodzisław,MOSiR Stadium,49.99833333,18.45694444
Olimpik Donetsk ,FC Olimpik Donetsk,Olimpik Sports Complex,47.9614,37.808
Olympiacos ,Olympiacos F.C.,Karaiskakis Stadium,37.946169,23.664536
Olympique Lyonnais,Olympique Lyonnais,Parc Olympique Lyonnais,45.765224,4.982131
Olympique de Marseille,Olympique de Marseille,Stade Vélodrome,43.26972222,5.395833333
Omiya Ardija ,Omiya Ardija,NACK5 Stadium Omiya,35.916303,139.633377
Omonia Nikosia ,AOL – Omonia Lakatamias,AOL Lakatamia Stadium,35.118168,33.299445
Ordabasy ,FC Ordabasy,Kazhimukan Munaitpasov Stadium,42.335493,69.593568
Orduspor ,Orduspor,19 Eylül Stadium,40.982222,37.878333
Orlando Pirates F.C. Windhoek,Orlando Pirates F.C.,Orlando Stadium,-26.231894,27.922892
Osmanlispor ,Osmanlıspor,Osmanlı Stadyumu,40.011389,32.502222
Otelul Galati ,SC Oțelul Galați,Stadionul Oțelul,45.430236,28.022378
Oxford United ,Oxford United F.C.,Kassam Stadium,51.716419,-1.208067
PAOK Salonika ,AS Nika,Stade Lumumba,0.521216,25.186576
PEC Zwolle,PEC Zwolle,IJsseldelta Stadion,52.517292,6.121911
PFC CSKA Moscow,PFC CSKA Moscow,Arena CSKA,55.791389,37.516111
PFC Sochi,PFC Sochi,Fisht Olympic Stadium,43.402267,39.956111
PSV Eindhoven,PSV Eindhoven,Philips Stadion,51.4417,5.4674
Pakhtakor Tashkent FK,Pakhtakor Tashkent FK,Pakhtakor Markaziy Stadium,41.315522,69.260244
Panathinaikos ,Panathinaikos F.C.,Apostolos Nikolaidis Stadium,37.98716944,23.75419444
Pandurii  ,CS Pandurii Târgu Jiu,Stadionul Tudor Vladimirescu,45.043639,23.270056
Panionios ,Panionios F.C.,Nea Smyrni Stadium,37.94303333,23.709225
Paris Saint-Germain F.C.,Paris Saint-Germain F.C.,Parc des Princes,48.84138889,2.253055555
Parma Calcio 1913,Parma Calcio 1913,Stadio Ennio Tardini,44.79491667,10.33844444
Partizan ,FK Partizan,Partizan Stadium,44.788611,20.459167
Perak TBG ,Perak FA,Perak Stadium,4.609433,101.103439
Persepolis F.C.,Persepolis F.C.,Azadi Stadium,35.724417,51.275528
Persib Bandung ,Persib Bandung,Siliwangi Stadium,-6.910312,107.619367
Perth Glory FC,Perth Glory FC,Perth Oval,-31.945955,115.870131
Pescara ,Delfino Pescara 1936,Stadio Adriatico,42.45527778,14.22944444
Peterborough ,Peterborough United F.C.,London Road Stadium,52.564694,-0.240389
Petrojet FC,Petrojet FC,Suez Stadium,29.9575,32.5425
Peñarol ,Club Atlético Peñarol,Estadio Campeón del Siglo,-34.79675,-56.06713889
Philadelphia Union,Philadelphia Union,Subaru Park,39.832222,-75.378889
Piacenza ,Piacenza Calcio,Stadio Leonardo Garilli,45.029722,9.689722
Piast Gliwice,Piast Gliwice,Stadion Piast,50.306583,18.695866
Plymouth Argyle F.C.,Plymouth Argyle F.C.,Home Park,50.38805556,-4.150833333
Podbeskidzie ,Podbeskidzie Bielsko-Biała,Stadion Miejski,49.817419,19.054267
Pogoń Szczecin,Pogoń Szczecin,Stadion Florian Kryger,53.43657611,14.51865806
Pohang Steelers,Pohang Steelers,Pohang Steel Yard,35.997745,129.384412
Poli Timisoara ,FC Politehnica Timișoara,Stadionul Dan Păltinișanu,45.740556,21.244167
Poli. Timisoara ,FC Politehnica Timișoara,Stadionul Dan Păltinișanu,45.740556,21.244167
Polonia Bytom,Polonia Bytom,Stadion Edwarda Szymkowiaka,50.35755833,18.89871667
Polonia Warsaw,Polonia Warsaw,Stadion Polonii Warszawa,52.255517,21.001322
Portimonense S.C.,Portimonense S.C.,Estádio Municipal de Portimão,37.135694,-8.539833
Portland Timbers,Portland Timbers,Providence Park,45.52138889,-122.6916667
Portsmouth F.C.,Portsmouth F.C.,Fratton Park,50.79638889,-1.063888888
Preston North End F.C.,Preston North End F.C.,Deepdale,53.77222222,-2.688055555
Preußen Münster ,SC Preußen Münster,Preußenstadion,51.929722,7.624583
Pro Vercelli ,F.C. Pro Vercelli 1892,Stadio Silvio Piola (Vercelli),45.319817,8.421335
Qarabag Agdam ,Abha,Prince Sultan bin Abdul Aziz Stadium,18.310556,42.598333
Thermal Abano ,Abha,Prince Sultan bin Abdul Aziz Stadium,18.310556,42.598333
Qingdao Jonoon F.C.,Qingdao Jonoon F.C.,Qingdao Tiantai Stadium,36.058847,120.344389
Qingdao Tiantai Stadium,Qingdao Sunrise,Jimo City Stadium,36.392589,120.433781
Qizilqum ,Atlético Chiriquí,Estadio San Cristóbal,8.420278,-82.4425
Quakes ,San Jose Earthquakes,Buck Shaw Stadium,37.350556,-121.936667
Queens Park Rangers F.C.,Queens Park Rangers F.C.,Kiyan Prince Foundation Stadium,51.50916667,-0.232222222
RB Leipzig,RB Leipzig,Red Bull Arena,51.345833,12.348056
RC Strasbourg,RC Strasbourg,Stade de la Meinau,48.560064,7.754969
RCD Espanyol de Barcelona,RCD Espanyol de Barcelona,Estadi de Sarrià,41.393111,2.133169
RCD Espanyol de Barcelona,RCD Espanyol de Barcelona,Estadi Cornellà-El Prat,41.347861,2.075667
RCD Mallorca,RCD Mallorca,Son Moix,39.59,2.63
RKC Waalwijk,RKC Waalwijk,Mandemakers Stadion,51.686944,5.088611
RM Castilla ,Real Madrid Castilla,Alfredo di Stéfano Stadium,40.47666667,-3.61416667
RNK Split,RNK Split,Stadion Park mladeži,43.519038,16.444033
RSC Anderlecht ,R.S.C. Anderlecht,Constant Vanden Stock Stadium,50.834167,4.298333
RSC Charleroi ,R.O.C. de Charleroi-Marchienne,Stade de la Neuville,50.408524,4.456877
Racing Club de Avellaneda,Racing Club de Avellaneda,Estadio Presidente Perón,-31.3837,-64.1803
Racing Club de AvellanedaII ,Racing Club de Avellaneda,Estadio Presidente Perón,-31.3837,-64.1803
Racing de Santander,Racing de Santander,Campos de Sport de El Sardinero,43.476389,-3.793333
Rah Ahan F.C.,Rah Ahan F.C.,Rah Ahan Stadium,35.7083,51.3147
Rakow ,Wisła Kraków,Stadion Miejski in Kraków,50.063611,19.911944
Wisła Kraków,Wisła Kraków,Stadion Miejski in Kraków,50.063611,19.911944
Randers FC,Randers FC,AutoC Park Randers,56.46583333,10.01027778
Rangers F.C.,Rangers F.C.,Ibrox Stadium,55.8527,-4.31023
Rangers F.C.,Rangers F.C.,Ricoh Arena,52.448056,-1.495556
Rangers F.C.,Rangers F.C.,Rand Stadium,-26.2346,28.0516
Ranheim Fotball,Ranheim Fotball,EXTRA Arena,63.428376,10.52401
Rapid 1923 ,FC Rapid Bucuresti,Stadionul Regie,44.448194,26.052872
Rapid Vienna ,SK Rapid Wien,Allianz Stadion,48.1981,16.2653
Rayo Vallecano,Rayo Vallecano,Campo de Fútbol de Vallecas,40.391944,-3.658961
Reading F.C.,Reading F.C.,Madejski Stadium,51.42222222,-0.982777777
Real Betis Balompié,Real Betis Balompié,Estadio Benito Villamarín,37.356403,-5.981611
Real Madrid CF,Real Madrid CF,Estadio Santiago Bernabéu,40.45306,-3.68835
Real Murcia ,Real Murcia,Estadio Nueva Condomina,38.042222,-1.144722
Real Salt Lake,Real Salt Lake,Rio Tinto Stadium,40.5829,-111.893
Real Sociedad,Real Sociedad,Anoeta Stadium,43.301378,-1.973617
Real Valladolid,Real Valladolid,Estadio Nuevo José Zorrilla,41.644444,-4.761111
Real Zaragoza ,Real Zaragoza,La Romareda,41.636592,-0.901822
Recr. Huelva ,Huelva,Estadio Nuevo Colombino,37.246389,-6.954167
Red Star ,Red Star F.C.,Stade de Paris,48.905833,2.340833
Rio Ave F.C.,Rio Ave F.C.,Estádio do Rio Ave FC,41.362756,-8.740186
Rochdale ,Rochdale A.F.C.,Spotland Stadium,53.620833,-2.18
Rochdale ,Rochdale A.F.C.,"Athletic Grounds, Rochdale",53.612211,-2.135453
Roda JC ,Roda JC Kerkrade,Parkstad Limburg Stadion,50.85694444,6.005833333
Roma U19 ,Atletico Roma F.C.,Stadio Flaminio,41.926944,12.472222
Rosenborg BK,Rosenborg BK,Lerkendal Stadion,63.4125,10.405
Ross County F.C.,Ross County F.C.,Victoria Park,57.5959,-4.41891
Rotherham ,Rotherham United F.C.,New York Stadium,53.4279,-1.362
Royal Antwerp ,Royal Antwerp F.C.,Stadion Broodstraat,51.2327,4.471575
Rubin Kazan,Rubin Kazan,Central Stadium,55.796944,49.098889
Ruch Chorzów,Ruch Chorzów,Stadion Ruchu,50.282203,18.944178
S.C. Braga,S.C. Braga,Estádio Municipal de Braga,41.5624,-8.4308
S.K. Sturm Graz,S.K. Sturm Graz,UPC-Arena,47.046111,15.454444
S.L. Benfica,S.L. Benfica,Estádio da Luz,38.75267778,-9.184680555
S.L. Benfica,S.L. Benfica,Estádio da Luz,38.75267778,-9.184680555
S.L. BenficaB ,S.L. Benfica B,Estádio da Luz,38.75267778,-9.184680555
S.L. BenficaB ,S.L. Benfica B,Estádio da Luz,38.75267778,-9.184680555
S.S.D. Palermo,S.S.D. Palermo,Stadio Renzo Barbera,38.152767,13.342275
S.S.D. PalermoU19 ,S.S.D. Palermo,Stadio Renzo Barbera,38.152767,13.342275
SBV Excelsior,SBV Excelsior,Stadion Woudestein,51.916944,4.520556
SC Bastia ,CA Bastia,Q3495582,42.6629,9.43592
SC Cambuur,SC Cambuur,Cambuur Stadion,53.205278,5.814722
SC Freiburg,SC Freiburg,Schwarzwald-Stadion,47.988889,7.893056
SC Heerenveen,SC Heerenveen,Abe Lenstra Stadion,52.958611,5.936111
SC Paderborn 07,SC Paderborn 07,Benteler-Arena,51.731389,8.710833
SCO Angers ,Angers SCO,Stade Raymond Kopa,47.460458,-0.530741
SCR Altach ,SC Rheindorf Altach,Stadion Schnabelholz,47.3536,9.6372
SD Eibar,SD Eibar,Ipurúa Municipal Stadium,43.181706,-2.475803
SH Shenhua ,Shanghai Shenhua F.C.,Hongkou Football Stadium,31.2733,121.4762
SK Brann,SK Brann,Brann Stadion,60.36638889,5.356944444
SKN St. Pölten,SKN St. Pölten,NV Arena,48.2209,15.6531
SM Caen,Stade Malherbe Caen,Stade Michel d'Ornano,49.179444,-0.39675
SSC Bari,SSC Bari,Stadio San Nicola,41.084736,16.840072
SV Darmstadt 98 ,SV Darmstadt 98,Stadion am Böllenfalltor,49.857778,8.672222
SV Grödig,SV Grödig,Untersberg-Arena,47.7434,13.0477
SV Ried,SV Ried,Keine Sorgen Arena,48.207778,13.478333
Vélez Sarsfield ,SV Ried,Keine Sorgen Arena,48.207778,13.478333
SV Sandhausen ,SV Sandhausen,Hardtwaldstadion,49.332083,8.647667
SV Werder Bremen,SV Werder Bremen,Weserstadion,53.066389,8.8375
SX Chang'an At. ,San Martín de San Juan,Estadio Ingeniero Hilario Sánchez,-31.519847,-68.530289
SX Wuzhou ,Suzhou Trips F.C.,Suzhou City Stadium,31.2965,120.573
SZ Renren ,Shenzhen Renren F.C.,Bao'an Stadium,22.560988,113.876292
Sagan Tosu ,Sagan Tosu,Tosu Stadium,33.371944,130.520278
Saint Gilloise ,Royale Union Saint-Gilloise,Stade Joseph Marien,50.8178,4.32917
Saipa F.C.,Saipa F.C.,Enghelab Stadium,35.850556,50.958333
Salernitana ,U.S. Salernitana 1919,Stadio Arechi,40.645,14.823889
Sambenedettese ,S.S. Sambenedettese Calcio,Stadio Riviera delle Palme,42.930556,13.884722
Samsunspor ,Sivasspor,Sivas 4 Eylül Stadium,39.728612,36.984065
Sivasspor,Sivasspor,Sivas 4 Eylül Stadium,39.728612,36.984065
San Felipe ,Unión San Felipe,Estadio Municipal de San Felipe,-32.746944,-70.73
Sandecja ,Sandefjord Fotball,Sandefjord Arena,59.13725,10.17969
Sandefjord BK,Sandefjord BK,Storstadion,59.1328,10.1908
Sandnes Ulf ,Sandnes Ulf,Sandnes stadion,58.85944444,5.725833333
Sanfrecce Hiroshima,Sanfrecce Hiroshima,Hiroshima Big Arch,34.440778,132.39425
Sanliurfaspor  ,Şanlıurfaspor,Şanlıurfa GAP Stadium,37.147832,38.806672
Santa Cruz ,Santa Cruz Futebol Clube,Estádio do Arruda,-8.026711,-34.891175
Santos FC Futebol de mesa,Santos FC Futebol de mesa,Arena Santos,-23.94216667,-46.33327778
Santos Laguna Premier,Santos Laguna,Territorio Santos Modelo,25.6304,-103.38
Sarpsborg 08 FF,Sarpsborg 08 FF,Sarpsborg Stadion,59.286217,11.097608
Saturn ,FC Saturn Ramenskoye,Saturn Stadium,55.57722222,38.22694444
Scunthorpe United F.C.,Scunthorpe United F.C.,Glanford Park,53.586722,-0.69525
Seattle Sounders,Seattle Sounders,Starfire Sports,47.4698,-122.248
"Seattle Sounders	 ",Seattle Sounders,Starfire Sports,47.4698,-122.248
Seongnam FC,Seongnam FC,Tancheon Sports Complex,37.410166,127.121273
Seoul United FC,Seoul United FC,Nowon Madeul Stadium,37.643982,127.057557
Sepahan F.C.,Sepahan F.C.,Naghsh-e-Jahan Stadium,32.743267,51.686203
Sepsi Sf. Gh. ,ACS Sepsi OSK Sfântu Gheorghe,Stadionul Municipal,45.86291667,25.77613889
Sevilla Atl. ,Sevilla FC,Estadio Ramón Sánchez Pizjuán,37.383878,-5.970467
Sevilla FC,Sevilla FC,Estadio Ramón Sánchez Pizjuán,37.383878,-5.970467
Sevilla FCU19 ,Sevilla FC,Estadio Ramón Sánchez Pizjuán,37.383878,-5.970467
Shabab Al Ahli Club,Shabab Al Ahli Club,Rashid Stadium,25.27965556,55.36060556
Shabab Dubai ,Shabab Al Ahli Club,Rashid Stadium,25.27965556,55.36060556
Shakhter K. ,FC Shakhter Karagandy,Shakhtyor Stadium,49.818618,73.075122
Shandong Luneng Taishan F.C.,Shandong Luneng Taishan F.C.,Jinan Olympic Sports Center Stadium,36.656646,117.110052
Shanghai SIPG F.C.,Shanghai SIPG F.C.,Shanghai Stadium,31.1835,121.437278
Shanghai Shenxin F.C.,Shanghai Shenxin F.C.,Yuanshen Sports Centre Stadium,31.233425,121.531683
Sharjah FC,Sharjah FC,Sharjah Stadium,25.33320556,55.41957222
Sheffield United F.C.,Sheffield United F.C.,Bramall Lane,53.37027778,-1.470833333
Sheffield Wednesday F.C.,Sheffield Wednesday F.C.,Hillsborough Stadium,53.41138889,-1.500555555
Shenzhen F.C.,Shenzhen F.C.,Shenzhen Stadium,22.562175,114.086989
Sheriff ,FC Sheriff Tiraspol,Sheriff Stadium,46.838333,29.5575
Shijiazhuang Tiangong,Shijiazhuang Tiangong,Yutong International Sports Center,38.041327,114.529086
Shimizu S-Pulse,Shimizu S-Pulse,Outsourcing Stadium Nihondaira,34.984444,138.481111
Shinnik ,FC Shinnik Yaroslavl,Shinnik Stadium,57.628729,39.867486
Silkeborg IF,Silkeborg IF,Silkeborg Stadion,56.15777778,9.55305556
Sint-Truiden ,Sint-Truidense V.V.,Stayen,50.813611,5.165278
Tarxien ,Tarxien Rainbows F.C.,Ta' Qali National Stadium,35.89486389,14.41537222
Siroki Brijeg ,NK Široki Brijeg,Stadion Pecara,43.3787,17.598
Slavia Prague ,SK Slavia Prague,Sinobo Stadium,50.066944,14.471389
Slavia Prague B ,SK Slavia Prague,Sinobo Stadium,50.066944,14.471389
Sliema Wander. ,Sliema Wanderers F.C.,Ta' Qali National Stadium,35.89486389,14.41537222
Slo. Bratislava ,FK ŠKP Inter Dúbravka Bratislava,Stadium ŠKP Inter Dúbravka,48.1758,17.0497
Slovan Liberec ,FC Slovan Liberec,Stadion u Nisy,50.776214,15.049972
Sogndal Fotball,Sogndal Fotball,Fosshaugane Campus,61.231983,7.085238
Southampton F.C. ,Southampton F.C.,St Mary's Stadium,50.90583333,-1.39111111
Southend United ,Southend United F.C.,Roots Hall,51.549,0.701556
SpVgg Greuther Fürth,SpVgg Greuther Fürth,Trolli Arena,49.486944,10.999167
Sparta Praha ,FC Sparta Michigan,Wisner Stadium,42.6483,-83.3068
Sparta Rotterdam,Sparta Rotterdam,Sparta Stadion Het Kasteel,51.919444,4.433333
Spartak Moscow,Spartak Moscow,Otkrytie Arena,55.8175,37.435556
Tambov ,Spartak Moscow,Otkrytie Arena,55.8175,37.435556
Spartak Nalchik ,PFC Spartak Nalchik,Spartak Stadium,43.469537,43.590338
Spartak Trnava ,FC Spartak Trnava,Štadión Antona Malatinského,48.373333,17.591667
Spezia Calcio ,Spezia Calcio,Stadio Alberto Picco,44.102222,9.808611
Sport Club Corinthians Alagoano,Sport Club Corinthians Alagoano,Nelsão,-9.554167,-35.75
Sport Club do Recife,Sport Club do Recife,Estádio Ilha do Retiro,-8.062952777,-34.90298056
Sport Clube Beira Mar do Tarrafal,Mixto Esporte Clube,Verdão,-15.603056,-56.120556
Sport Recife ,Sport Club do Recife,Estádio Ilha do Retiro,-8.062952777,-34.90298056
Sporting CP,Sporting CP,Estádio José Alvalade,38.76119444,-9.160783333
Sporting Cristal,Sporting Cristal,Estadio Alberto Gallardo,-12.038,-77.045
Sporting Gijón ,Sporting Gijón,El Molinón-Enrique Castro Quini,43.536111,-5.637222
Sporting Kansas City,Sporting Kansas City,Children's Mercy Park,39.1218,-94.8237
St. Johnstone F.C.,St. Johnstone F.C.,McDiarmid Park,56.409686,-3.476928
St. Mirren F.C.,St. Mirren F.C.,St. Mirren Park,55.850556,-4.443889
Stabæk Fotball,Stabæk Fotball,Nadderud Stadion,59.921111,10.581111
Stade Brestois 29,Stade Brestois 29,Stade Francis-Le Blé,48.402932,-4.461694
Stade Rennais ,Stade Rennais F.C.,Roazhon Park,48.10747222,-1.712861111
Stade de Reims,Stade de Reims,Stade Auguste Delaune,49.246667,4.025
Standard Liège ,Standard Liège,Stade Maurice Dufrasne,50.609908,5.543344
Stoke City F.C.,Stoke City F.C.,Britannia Stadium,52.98833333,-2.175555555
Strømsgodset Toppfotball,Manglerud Star Toppfotball,Lambertseter Stadion,59.871461,10.819172
Sunderland A.F.C.,Sunderland A.F.C.,Stadium of Light,54.9144,-1.3882
SuperSport United F.C.,SuperSport United F.C.,Lucas Masterpieces Moripe Stadium,-25.775919,28.072869
Suwon Samsung Bluewings,Suwon Samsung Bluewings,Suwon World Cup Stadium,37.286421,127.036855
Swansea City A.F.C. ,Swansea City A.F.C.,Liberty Stadium,51.6422,-3.9351
Swindon Town ,Swindon Town F.C.,"County Ground, Swindon",51.564444,-1.770556
Sydney FC,Sydney FC,Sydney Football Stadium,-33.88916667,151.2252778
São Paulo FC,São Paulo FC,Estádio do Morumbi,-23.600125,-46.72015556
SønderjyskE Fodbold,SønderjyskE Fodbold,Sydbank Park,55.261359,9.487791
TSV 1860 München,TSV 1860 München,Grünwalder Stadion,48.110833,11.574444
Tala'ea El-Gaish SC,Tala'ea El-Gaish SC,Cairo Military Academy Stadium,30.1111,31.3676
Tampines Rovers ,Tampines Rovers FC,Clementi Stadium,1.309845,103.763015
Tanque Sisley ,El Tanque Sisley,Estadio Victor Della Valle,-34.87235,-56.057325
Termalica ,Associação Desportiva Recreativa e Cultural Icasa,Estádio Mauro Sampaio,-7.2242,-39.3178
Ternana ,Ternana Calcio,Stadio Libero Liberati,42.562222,12.635278
nan,Ternana Calcio,Stadio Libero Liberati,42.562222,12.635278
Thonon Évian ,Evian Thonon Gaillard F.C.,"Parc des Sports, Annecy",45.917081,6.120092
Tianjin Teda F.C.,Tianjin Teda F.C.,TEDA Football Stadium,39.030519,117.719
Tigres UANL,Tigres UANL,Universitary Stadium,25.72280556,-100.3120556
Tokyo Verdy,Tokyo Verdy,Ajinomoto Stadium,35.664278,139.527139
Torino F.C. ,Torino F.C.,Stadio Olimpico Grande Torino,45.041667,7.65
Toronto FC,Toronto FC,BMO Field,43.632778,-79.418611
Torpedo Moscow ,FC Torpedo Moscow,Eduard Streltsov Stadium,55.716389,37.656389
Tottenham Hotspur F.C. ,Tottenham Hotspur F.C.,Tottenham Hotspur Stadium,51.60444444,-0.066388888
Tottenham Hotspur F.C. ,Tottenham Hotspur F.C.,Tottenham Hotspur Stadium,51.60444444,-0.066388888
Tottenham Hotspur F.C. ,Tottenham Hotspur F.C.,Tottenham Hotspur Stadium,51.60444444,-0.066388888
Toulouse FC,Toulouse FC,Stadium Municipal,43.583296,1.434055
Trabzonspor,Trabzonspor,Hüseyin Avni Aker Stadium,41.003664,39.705317
Tractor S.C.,Tractor S.C.,Yadegar-e Emam Stadium,38.026667,46.295833
Trapani ,Trapani Calcio,Stadio Polisportivo Provinciale,38.028333,12.545833
Trelleborg ,Trelleborgs FF,Vångavallen,55.38680556,13.15816667
Tromsø IL,Tromsø IL,Alfheim Stadion,69.648872,18.935042
U.C. Sampdoriaia ,U.C. Sampdoria,Stadio Luigi Ferraris,44.416431,8.952428
U.D. Leiria ,U.D. Leiria,Estádio Dr. Magalhães Pessoa,39.74861111,-8.813055555
U.D. Leiria ,U.D. Leiria,Estádio Municipal da Marinha Grande,39.736977,-8.931459
UC AlbinoLeffe ,U.C. AlbinoLeffe,Stadio Atleti Azzurri d'Italia,45.708889,9.680833
UD Almería ,AD Almería,Estadio Municipal Juan Rojas,36.862,-2.44529
UD Las Palmas ,Universidad de Las Palmas CF,Q609462,28.118125,-15.438525
UNAM Pumas ,Pumas UNAH,Estadio Tiburcio Carías Andino beach,14.098403,-87.203978
US Boulogne ,US Boulogne,Stade de la Libération,50.723742,1.619411
UTA Arad ,UTA Arad,Stadionul Francisc von Neumann,46.1925,21.3114
UdeConce ,C.D. Universidad de Concepción,Estadio Ester Roa Rebolledo,-36.815278,-73.023333
Udinese Calcio,Udinese Calcio,Stadio Friuli,46.081603,13.200136
Ulsan Hyundai FC,Ulsan Hyundai FC,Ulsan Munsu Football Stadium,35.535328,129.259512
Uni. Craiova ,FCU Craiova 1948,Stadionul Ion Oblemenco,44.313889,23.784167
Unione Sportiva Lecce ,Unione Sportiva Lecce,Stadio Via del Mare,40.365278,18.208889
Unione Sportiva Sassuolo Calcio ,Unione Sportiva Sassuolo Calcio,Mapei Stadium – Città del Tricolore,44.714722,10.649722
Unirea Urziceni ,FC Unirea Urziceni,Stadionul Tineretului,44.712625,26.656017
University College Dublin A.F.C.,University College Dublin A.F.C.,UCD Bowl,53.310408,-6.228058
Unión Comerciooo,Unión Comerciooo,Estadio IPD de Moyobamba,-6.031864,-76.964335
Unión Española,Unión Española,Estadio Santa Laura-Universidad SEK,-33.404553,-70.659017
Unterhaching ,SpVgg Unterhaching,Generali Sportpark,48.073611,11.615556
Urawa Red Diamonds,Urawa Red Diamonds,Saitama Stadium 2002,35.903142,139.717492
V-V. Nagasaki ,V-Varen Nagasaki,Nagasaki Athletic Stadium,32.838611,130.039444
VVV-Venlo,VVV-Venlo,De Koel,51.351944,6.179722
Valencia CF ,Valencia CF,Mestalla Stadium,39.474722,-0.358333
Valenciennes FC ,Valenciennes F.C.,Stade du Hainaut,50.348486,3.529336
Valur ,Valur,Hlíðarendi,64.132778,-21.923611
Vancouver Whitecaps,Vancouver Whitecaps,Swangard Stadium,49.2308,-123.021
Vegalta Sendai,Vegalta Sendai,Yurtec Stadium Sendai,38.319167,140.881944
Vejle-Kolding ,Kolding FC,Kolding Stadion,55.494167,9.459167
Venezia ,Venezia F.C.,Stadio Pierluigi Penzo,45.427761,12.363731
Ventforet Kofu ,Ventforet Kofu,Yamanashi Chuo Bank Stadium,35.622376,138.589756
VfL Bochum ,VfL Bochum,Ruhrstadion,51.489944,7.236489
VfL Wolfsburg,VfL Wolfsburg,Volkswagen Arena,52.431944,10.803889
Viking FK,Viking FK,Viking Stadion,58.914611,5.730442
Viktoria Plzen ,Viktoria Aschaffenburg,Q2326122,49.9703,9.12991
Villarreal Club de Fútbol,Villarreal Club de Fútbol,Estadio de la Cerámica,39.944167,-0.103611
Villarreal Club de FútbolCF B ,Villarreal Club de Fútbol,Estadio de la Cerámica,39.944167,-0.103611
Virtus Entella ,Virtus Entella,Stadio Comunale,44.3156,9.33732
Virtus Lanciano ,Società Sportiva Virtus Lanciano 1924,Stadio Guido Biondi,42.219722,14.382222
Vissel Kobe,Vissel Kobe,Home's Stadium Kobe,34.656708,135.168964
Vitesse,Vitesse,GelreDome,51.9625,5.893056
Vitória S.C.,Vitória S.C.,Estádio D. Afonso Henriques,41.445833,-8.301111
Vålerenga Fotball,Vålerenga Fotball,Intility Arena,59.9183,10.8094
WH Zall ,Wuhan Zall F.C.,Wuhan Sports Center,30.502313,114.166253
Wuhan Zall F.C.,Wuhan Zall F.C.,Wuhan Sports Center,30.502313,114.166253
Waasl.-Beveren ,Waasland-Beveren,Freethiel Stadion,51.214139,4.243931
Wadi Degla SC,Wadi Degla SC,Cairo Military Academy Stadium,30.1111,31.3676
Watford F.C. ,Watford F.C.,Vicarage Road,51.649928,-0.401606
West Bromwich Albion F.C.,West Bromwich Albion F.C.,The Hawthorns,52.50916667,-1.963888888
West Ham United F.C. ,West Ham United F.C.,London Stadium,51.53861111,-0.016388888
Western Sydney Wanderers FC,Western Sydney Wanderers FC,Sydney Showground Stadium,-33.843056,151.067778
Widzew Łódź,Widzew Łódź,Stadion Widzewa,51.765,19.511667
Wigan Athletic F.C.,Wigan Athletic F.C.,DW Stadium,53.547778,-2.653889
Willem II,Willem II,Koning Willem II Stadion,51.542778,5.066944
Wisla Plock ,Wisła Płock,Kazimierz Górski Stadium,52.562004,19.684067
Wolfsberger AC,Wolfsberger AC,Lavanttal-Arena,46.8253,14.8514
Wolfsburg II ,VfL Wolfsburg II,Q17310094,52.434577,10.807511
Wolverhampton Wanderers F.C. ,Wolverhampton Wanderers F.C.,Molineux Stadium,52.59027778,-2.130277777
Würzb. Kickers ,Würzburger Kickers,flyeralarm Arena,49.76719444,9.932944444
YB Funde ,Sudet,Kouvolan keskuskenttä,60.87194444,26.71333333
YC Helanshan ,Cheonan FC,Cheongju Sports Complex,36.637851,127.472375
Yokohama FC,Yokohama FC,Nippatsu Mitsuzawa Stadium,35.470029,139.601528
Zagłębie Lubin,Zagłębie Lubin,Stadion Zagłębia Lubin,51.413333,16.1975
Zamalek SCU23 ,Nashville SC U23,Vanderbilt Stadium,36.14416667,-86.80888889
Zawisza ,Zawisza Bydgoszcz,Zdzisław Krzyszkowiak Stadium,53.145556,18.020556
Zhejiang Greentown F.C.,Zhejiang Greentown F.C.,Yellow Dragon Sports Center,30.2683,120.129
Zhemchuzhina ,FC Zhemchuzhina-Sochi,Sochi Central Stadium,43.56511389,39.75264722
Zob Ahan F.C.,Zob Ahan F.C.,Foolad Shahr Stadium,32.4828,51.4214
Zulte Waregem ,S.V. Zulte Waregem,Regenboogstadion,50.883056,3.428889
Åtvidabergs FF,Åtvidabergs FF,Kopparvallen,58.19458333,15.99583333
Çaykur Rizespor,Çaykur Rizespor,Yeni Rize Şehir Stadı,41.0167,40.5167
Örebro SK,Örebro SK,Behrn Arena,59.26611111,15.22305556
Östersunds FK,Östersunds FK,Jämtkraft Arena,63.19472222,14.65583333
Újpest FC ,Újpest FC,Ferenc Szusza Stadium,47.574892,19.08465
İstanbul Başakşehir FC,İstanbul Başakşehir FC,Atatürk Olympic Stadium,41.07447222,28.76570278
İstanbul Başakşehir FC,İstanbul Başakşehir FC,Başakşehir Fatih Terim Stadium Arenas,41.1229,28.8086
